chr1,164587227,164587327
chr10,91461283,91461383
chr12,108888898,108888998
chr1,54965232,54965332
chr2,56976456,56976556
chr1,241790952,241791052
chr15,77926878,77926978
chr18,6543457,6543557
chr3,50648966,50649066
chr12,118502456,118502556
chr4,41695752,41695852
chr5,170050708,170050808
chr17,64286357,64286457
chr5,142096652,142096752
chr19,12313224,12313324
chr13,74342018,74342118
chr14,107120263,107120363
chr15,65504522,65504622
chr4,164933949,164934049
chr2,166963315,166963415
chr1,31384363,31384463
chr5,154375443,154375543
chr7,127087576,127087676
chr1,13866348,13866448
chrX,107244829,107244929
chr12,85423383,85423483
chr21,16235278,16235378
chr19,42462068,42462168
chr7,102213064,102213164
chr17,75768617,75768717
chr7,149983339,149983439
chrX,39120797,39120897
chr1,27943109,27943209
chr12,6435582,6435682
chr6,33670302,33670402
chr16,88814451,88814551
chr12,69782285,69782385
chr1,184044692,184044792
chr10,37189106,37189206
chr1,18085712,18085812
chr10,17291908,17292008
chr9,7844414,7844514
chr12,1626415,1626515
chr15,100244028,100244128
chr15,90441991,90442091
chr14,76981088,76981188
chr12,77542,77642
chr18,54456958,54457058
chr12,118558829,118558929
chr5,154019954,154020054
chr18,43419556,43419656
chr12,67782693,67782793
chr6,92040013,92040113
chr4,90790330,90790430
chrX,147214763,147214863
chr2,95955157,95955257
chr2,112377203,112377303
chr16,50402911,50403011
chr9,107543185,107543285
chr12,52774105,52774205
chr2,231778277,231778377
chr11,57435522,57435622
chr2,42613974,42614074
chr12,80866823,80866923
chr5,140187165,140187265
chr2,73857924,73858024
chr1,1225679,1225779
chr6,79545691,79545791
chr12,90647814,90647914
chr5,107287160,107287260
chr11,130304950,130305050
chrX,79541046,79541146
chr6,41673731,41673831
chr19,43588534,43588634
chr21,17266979,17267079
chr5,154429514,154429614
chr17,72195918,72196018
chr12,56479082,56479182
chr4,99388797,99388897
chr10,71276126,71276226
chr7,77428247,77428347
chr2,26685516,26685616
chr7,103801012,103801112
chr17,38597351,38597451
chr19,7744325,7744425
chr14,23734414,23734514
chr17,43173655,43173755
chr12,88446632,88446732
chr19,41667960,41668060
chr3,178990309,178990409
chr11,8114339,8114439
chr18,23739486,23739586
chr22,22702632,22702732
chr11,7374366,7374466
chr2,206768590,206768690
chr19,4660553,4660653
chr5,149155527,149155627
chr6,2037946,2038046
chr9,137552402,137552502
chr12,25272110,25272210
chr15,92634494,92634594
chrX,43817851,43817951
chr10,127318495,127318595
chr13,67192972,67193072
chr5,36876086,36876186
chrX,49969309,49969409
chr5,53287946,53288046
chr3,159724473,159724573
chr1,161041735,161041835
chrX,134841699,134841799
chr14,21536708,21536808
chr1,177154535,177154635
chr7,66459797,66459897
chr12,120904508,120904608
chr9,14465600,14465700
chr1,110554366,110554466
chr1,161536080,161536180
chr12,93002407,93002507
chr4,141251615,141251715
chr4,20686948,20687048
chr1,91966990,91967090
chr3,167929221,167929321
chr5,11182966,11183066
chr13,25659446,25659546
chr3,72940435,72940535
chrX,57945683,57945783
chr19,11896136,11896236
chr19,45681597,45681697
chr16,84341875,84341975
chr4,15756057,15756157
chr7,104793480,104793580
chr3,187692661,187692761
chr7,86777831,86777931
chr18,19958810,19958910
chr20,10427857,10427957
chr1,101783337,101783437
chr4,78520726,78520826
chr22,30831723,30831823
chr20,44718532,44718632
chr2,208490734,208490834
chr4,74459488,74459588
chr2,196440952,196441052
chr4,104836534,104836634
chr8,2027746,2027846
chr12,56995324,56995424
chr2,175636406,175636506
chrX,73512495,73512595
chr1,228827828,228827928
chr22,22011728,22011828
chr13,111702756,111702856
chr4,190895338,190895438
chr14,90576394,90576494
chr4,82327295,82327395
chr21,42506001,42506101
chr10,22278640,22278740
chr1,183549707,183549807
chr11,83527784,83527884
chr2,84858371,84858471
chr6,13814453,13814553
chr17,36693578,36693678
chr7,90663959,90664059
chr1,87550078,87550178
chr2,61886180,61886280
chr7,1834924,1835024
chr14,52510536,52510636
chr10,126220751,126220851
chr5,156243179,156243279
chr7,92239375,92239475
chr17,2611083,2611183
chr6,116433224,116433324
chr1,230768152,230768252
chr4,159778135,159778235
chr20,52531712,52531812
chr16,79247174,79247274
chr12,5982061,5982161
chr21,16893242,16893342
chr4,61671547,61671647
chr5,53455159,53455259
chr17,67519542,67519642
chr1,167468415,167468515
chr1,117420949,117421049
chr12,105715103,105715203
chr13,32989309,32989409
chr6,62519062,62519162
chrX,112985186,112985286
chr22,32914996,32915096
chr7,92722181,92722281
chr8,95229730,95229830
chr12,106543037,106543137
chr8,81161940,81162040
chr14,97651627,97651727
chr6,57213383,57213483
chrX,12789732,12789832
chr16,5552488,5552588
chr12,77184894,77184994
chr10,97002926,97003026
chr21,46518913,46519013
chr2,102448745,102448845
chr17,69080524,69080624
chr6,45389446,45389546
chr1,42977374,42977474
chr1,206912436,206912536
chr17,62488756,62488856
chr20,56089430,56089530
chr19,6753451,6753551
chr12,94384997,94385097
chr3,14443766,14443866
chr15,25955395,25955495
chr3,114081790,114081890
chr1,39657405,39657505
chr17,27055104,27055204
chr4,119345356,119345456
chr5,13988070,13988170
chr7,22541142,22541242
chrX,114381939,114382039
chr3,140456068,140456168
chr2,189234250,189234350
chr3,509986,510086
chr10,85133607,85133707
chr9,20524902,20525002
chr9,19517668,19517768
chr12,3422895,3422995
chr6,165659004,165659104
chr22,31627286,31627386
chr22,51060841,51060941
chr19,43198015,43198115
chr12,111038260,111038360
chr8,92405859,92405959
chr10,92539466,92539566
chr9,92861777,92861877
chr2,9022352,9022452
chr2,69786937,69787037
chr2,142898040,142898140
chr8,32412322,32412422
chr1,92950709,92950809
chr7,139025943,139026043
chr20,42073839,42073939
chr1,147090079,147090179
chr17,2833497,2833597
chr15,21183519,21183619
chr4,140374291,140374391
chr17,32889551,32889651
chr4,146761464,146761564
chr2,209120185,209120285
chr4,48292535,48292635
chr3,194031644,194031744
chr4,23336060,23336160
chr15,43478048,43478148
chr7,123916208,123916308
chr5,134905998,134906098
chr12,52709636,52709736
chr13,40258821,40258921
chr9,139923391,139923491
chr9,75884499,75884599
chr8,130036308,130036408
chr11,123305140,123305240
chr13,108829173,108829273
chr5,59457319,59457419
chr1,14277255,14277355
chr15,41522967,41523067
chr12,50677431,50677531
chrX,24517262,24517362
chr14,22771604,22771704
chr4,109276525,109276625
chr11,125293260,125293360
chr1,164642995,164643095
chr22,26715171,26715271
chr1,12304315,12304415
chr13,87926622,87926722
chr10,37068324,37068424
chr14,104216363,104216463
chr1,176435814,176435914
chr16,402657,402757
chr2,172960666,172960766
chr1,210534277,210534377
chr1,158394941,158395041
chr9,76298885,76298985
chr5,131401167,131401267
chr16,68127907,68128007
chr2,200726037,200726137
chr2,219592711,219592811
chr12,12857669,12857769
chr1,9161763,9161863
chr8,120464252,120464352
chr16,48265875,48265975
chr2,20490932,20491032
chr18,13531000,13531100
chr3,134246031,134246131
chr14,23334853,23334953
chr3,132450054,132450154
chr22,47848110,47848210
chr15,24102334,24102434
chr20,11254863,11254963
chr8,131219950,131220050
chr4,169473347,169473447
chr19,7998480,7998580
chr15,25092332,25092432
chr8,117863516,117863616
chr17,40826016,40826116
chr3,124211774,124211874
chr9,136242265,136242365
chr15,31489798,31489898
chr22,38626273,38626373
chr4,74177320,74177420
chr14,80822926,80823026
chr22,39514032,39514132
chrX,102206656,102206756
chr17,48772612,48772712
chr8,37853918,37854018
chr2,212795206,212795306
chr2,24836050,24836150
chr10,112440941,112441041
chr11,131538812,131538912
chr17,77061317,77061417
chr9,125141737,125141837
chr7,118510421,118510521
chr5,162932860,162932960
chr11,106027041,106027141
chr22,33219161,33219261
chr12,112383165,112383265
chr22,31343926,31344026
chr18,30471905,30472005
chr19,45949614,45949714
chr6,154691822,154691922
chr1,168148122,168148222
chr14,89643910,89644010
chrX,69417217,69417317
chr5,177497124,177497224
chr3,14503388,14503488
chr13,42033149,42033249
chr8,143751091,143751191
chr7,28666378,28666478
chr6,110968328,110968428
chr18,20563334,20563434
chrX,153946278,153946378
chr1,148532073,148532173
chr5,171033581,171033681
chr16,34625902,34626002
chr10,35316660,35316760
chr15,56541423,56541523
chr18,26541732,26541832
chr16,87911553,87911653
chr8,57101899,57101999
chr1,46713958,46714058
chr14,40458265,40458365
chr14,90768050,90768150
chr6,24283530,24283630
chr11,14434929,14435029
chr1,23857928,23858028
chr3,137411802,137411902
chr11,102665298,102665398
chr13,50893281,50893381
chr14,64194909,64195009
chr21,47705744,47705844
chr8,62526605,62526705
chr17,65078462,65078562
chr1,5346464,5346564
chr7,111202057,111202157
chr10,86425748,86425848
chr1,6298828,6298928
chr18,72608487,72608587
chr19,6552017,6552117
chr3,159881155,159881255
chr4,111507553,111507653
chr14,45671247,45671347
chr14,97685576,97685676
chr3,14955842,14955942
chr20,25520992,25521092
chr19,50918142,50918242
chr17,6652964,6653064
chr3,57947843,57947943
chr2,223780014,223780114
chr2,180763770,180763870
chr11,13205287,13205387
chr18,18772114,18772214
chr20,58585467,58585567
chr10,17451295,17451395
chr8,124077993,124078093
chr2,30249454,30249554
chr1,111506482,111506582
chr7,37488465,37488565
chr13,91620931,91621031
chr11,70295238,70295338
chr2,72025614,72025714
chr21,31641042,31641142
chr8,109902706,109902806
chr6,73844366,73844466
chr19,10662438,10662538
chr3,46129464,46129564
chr6,97501858,97501958
chr8,80527772,80527872
chr2,44895615,44895715
chr14,105337241,105337341
chr19,4167610,4167710
chr3,41935604,41935704
chr7,22700504,22700604
chr17,63168044,63168144
chr3,71908459,71908559
chr3,148445176,148445276
chr15,46082686,46082786
chr10,7571723,7571823
chr1,53291699,53291799
chr17,49134262,49134362
chrX,119903987,119904087
chr8,7255454,7255554
chr22,23738713,23738813
chr1,47343987,47344087
chr20,17598293,17598393
chr17,74469764,74469864
chr5,32942677,32942777
chr3,136754630,136754730
chr2,59409559,59409659
chr5,157167408,157167508
chr17,3920842,3920942
chrX,99634546,99634646
chr17,46338797,46338897
chr11,120530939,120531039
chr13,25317252,25317352
chr7,123795599,123795699
chr12,130526889,130526989
chr12,82021519,82021619
chr5,97685572,97685672
chr14,78266836,78266936
chr8,25041254,25041354
chr6,143554120,143554220
chr22,27065060,27065160
chrX,45708863,45708963
chr3,151045532,151045632
chr2,110493946,110494046
chr5,171277730,171277830
chr5,1976149,1976249
chr13,101195215,101195315
chr3,49027281,49027381
chr5,106211650,106211750
chr5,134540156,134540256
chr2,141867297,141867397
chr17,10252879,10252979
chr16,4452804,4452904
chr11,107870605,107870705
chr12,4417091,4417191
chr5,161278842,161278942
chr10,38655019,38655119
chr12,116421133,116421233
chr7,858059,858159
chr1,120092381,120092481
chr18,72265686,72265786
chr10,69548329,69548429
chr5,150677764,150677864
chr5,8685977,8686077
chr6,40518155,40518255
chr4,185905346,185905446
chr5,122707438,122707538
chr11,127928778,127928878
chr21,42539846,42539946
chrX,110342169,110342269
chr10,90488328,90488428
chr4,159588900,159589000
chr6,4844460,4844560
chr19,38210694,38210794
chr15,52209845,52209945
chr2,24244371,24244471
chr10,110543852,110543952
chr21,32211775,32211875
chr1,56655699,56655799
chrX,118913839,118913939
chr1,15921733,15921833
chr1,40385288,40385388
chr7,69359077,69359177
chr16,14017712,14017812
chr11,22152394,22152494
chr5,151122527,151122627
chr15,75335295,75335395
chr6,149364711,149364811
chr14,21335248,21335348
chr12,24934129,24934229
chr12,13251069,13251169
chr3,113213998,113214098
chr10,26792946,26793046
chr16,66308460,66308560
chr11,64085562,64085662
chr12,105629618,105629718
chrX,2807814,2807914
chr16,77816793,77816893
chr15,55818795,55818895
chr5,71662318,71662418
chr16,58695275,58695375
chr14,106691654,106691754
chr1,2487887,2487987
chr3,31097349,31097449
chr3,142085416,142085516
chr9,2181958,2182058
chr9,129055969,129056069
chr2,227677992,227678092
chr16,88227780,88227880
chr6,85278851,85278951
chr15,71825371,71825471
chr1,241768607,241768707
chrX,46241203,46241303
chr5,77596439,77596539
chr9,96589819,96589919
chr2,227661742,227661842
chr4,65912351,65912451
chrX,109403828,109403928
chr12,57425248,57425348
chr14,67604620,67604720
chr16,67294695,67294795
chr14,37619102,37619202
chr20,23024185,23024285
chr7,127269460,127269560
chr11,32771233,32771333
chr1,94446196,94446296
chr5,124223978,124224078
chr16,87350512,87350612
chr7,28336663,28336763
chr17,39967947,39968047
chr6,143381661,143381761
chr5,45797206,45797306
chr15,65326146,65326246
chr11,132182643,132182743
chr13,39156435,39156535
chr5,148200509,148200609
chr1,25176324,25176424
chr7,117026032,117026132
chr17,63274557,63274657
chr21,28089622,28089722
chr12,65517385,65517485
chr6,38741304,38741404
chr5,10701734,10701834
chr16,67232311,67232411
chr12,92825101,92825201
chr2,134991000,134991100
chr2,239082488,239082588
chrX,123232082,123232182
chr17,44859752,44859852
chr11,61250128,61250228
chr19,6717193,6717293
chr5,115893503,115893603
chr8,85517114,85517214
chr8,104116527,104116627
chr3,67160274,67160374
chr19,6633370,6633470
chr1,23256957,23257057
chr14,21535210,21535310
chr16,75097741,75097841
chr2,128113127,128113227
chr3,86823357,86823457
chr2,142943628,142943728
chr12,133177107,133177207
chr7,87849356,87849456
chr14,96150306,96150406
chr2,127285800,127285900
chr2,198716337,198716437
chr20,49988937,49989037
chr19,11354049,11354149
chr1,79073158,79073258
chr2,156229605,156229705
chr3,196705648,196705748
chr7,155326692,155326792
chr5,31581712,31581812
chrX,7909854,7909954
chr9,90427924,90428024
chr7,134440327,134440427
chr2,241496304,241496404
chr11,71575219,71575319
chr17,46095848,46095948
chr2,241172428,241172528
chr20,57267726,57267826
chr10,98251195,98251295
chr1,223999460,223999560
chrX,119609432,119609532
chr19,4557759,4557859
chr18,74771653,74771753
chr5,176239939,176240039
chr18,70368673,70368773
chr8,142179256,142179356
chr11,17994751,17994851
chr14,64945541,64945641
chr6,90820925,90821025
chr6,138725210,138725310
chr11,126477324,126477424
chr6,32399897,32399997
chr15,101693147,101693247
chr1,5697385,5697485
chr8,110294514,110294614
chr2,135223850,135223950
chr20,61846570,61846670
chr16,54963498,54963598
chr7,23978678,23978778
chr1,30385392,30385492
chr8,140659258,140659358
chr12,68045212,68045312
chr13,48373187,48373287
chr11,17752217,17752317
chr10,127137312,127137412
chr6,134386988,134387088
chr3,45549690,45549790
chr2,232552051,232552151
chr13,30945795,30945895
chr5,154022142,154022242
chr9,89230484,89230584
chr17,7406439,7406539
chr2,127002644,127002744
chr14,40050837,40050937
chrX,139655011,139655111
chr6,90502759,90502859
chr7,114045656,114045756
chr7,13319600,13319700
chrX,19611938,19612038
chr17,7944831,7944931
chr2,68423394,68423494
chr1,18249473,18249573
chr14,36497582,36497682
chr15,54100417,54100517
chr22,23213315,23213415
chr2,225224469,225224569
chr3,53703051,53703151
chr9,89102302,89102402
chr16,70616681,70616781
chr1,16321173,16321273
chr14,60733229,60733329
chr6,33382536,33382636
chr16,2636304,2636404
chr2,195031651,195031751
chr14,95147791,95147891
chr9,88861947,88862047
chr2,212368723,212368823
chr1,17236427,17236527
chr2,225149183,225149283
chr11,117775467,117775567
chr12,32810653,32810753
chr6,40813527,40813627
chr21,41838960,41839060
chr11,77849879,77849979
chrX,1678870,1678970
chr2,9918166,9918266
chr2,190627352,190627452
chr10,86580038,86580138
chr4,53848884,53848984
chr5,134187180,134187280
chr7,104950428,104950528
chr19,43045949,43046049
chr2,16706678,16706778
chr14,106573093,106573193
chr1,53166682,53166782
chr1,222966226,222966326
chr1,212933640,212933740
chr11,66032601,66032701
chr15,45599439,45599539
chr2,142669428,142669528
chr20,17262282,17262382
chr11,60331406,60331506
chr1,120125560,120125660
chr3,143367695,143367795
chr19,24342690,24342790
chr10,118976240,118976340
chr8,60214773,60214873
chr3,53144330,53144430
chr7,17341278,17341378
chr19,48893974,48894074
chr12,48111429,48111529
chr3,129824976,129825076
chr14,106995640,106995740
chr3,13388145,13388245
chr7,26331377,26331477
chr5,68660414,68660514
chr12,11965724,11965824
chr1,165377855,165377955
chr4,9705185,9705285
chr2,108801023,108801123
chr6,74018936,74019036
chr4,40845939,40846039
chr3,68927636,68927736
chr14,87516362,87516462
chr8,73825444,73825544
chr15,56092091,56092191
chr2,9126952,9127052
chr3,3212813,3212913
chr5,57794294,57794394
chr6,94133439,94133539
chr9,71460054,71460154
chr1,248785916,248786016
chrX,118622836,118622936
chr4,123231283,123231383
chrX,117593587,117593687
chrX,7089144,7089244
chr20,45779419,45779519
chr19,19774273,19774373
chr3,125648127,125648227
chr11,128646559,128646659
chr4,99368950,99369050
chr15,55933954,55934054
chr7,133675830,133675930
chr14,88929762,88929862
chr8,12523147,12523247
chr10,118047584,118047684
chr8,86985752,86985852
chr4,71410141,71410241
chr11,35426208,35426308
chr4,163090282,163090382
chr13,74423550,74423650
chr3,125978410,125978510
chr15,58731256,58731356
chr1,175345423,175345523
chr11,364577,364677
chr1,173883545,173883645
chr5,43039610,43039710
chr9,69065373,69065473
chr12,4105084,4105184
chr6,54857765,54857865
chr10,73508435,73508535
chr4,116155676,116155776
chr1,235492607,235492707
chr11,133446397,133446497
chr11,62537328,62537428
chr22,28649333,28649433
chr17,48578593,48578693
chr11,92822825,92822925
chrX,66775567,66775667
chr2,217004769,217004869
chr5,52082824,52082924
chr19,40256243,40256343
chr5,8993308,8993408
chr4,169433399,169433499
chr6,16763395,16763495
chr12,50526432,50526532
chr21,45797393,45797493
chr13,29920164,29920264
chr21,35800961,35801061
chr12,49947437,49947537
chr6,33140563,33140663
chr4,132351608,132351708
chr1,65525718,65525818
chr3,56890032,56890132
chr15,72578413,72578513
chr3,132378245,132378345
chr16,5106495,5106595
chr4,71768040,71768140
chr2,202660736,202660836
chr7,123741375,123741475
chr5,149818869,149818969
chr3,44571568,44571668
chr22,50324687,50324787
chr22,50468861,50468961
chr14,53390889,53390989
chr2,96930694,96930794
chrX,32549063,32549163
chr6,20875724,20875824
chr3,69435867,69435967
chr6,111200490,111200590
chr8,138738351,138738451
chrX,57555196,57555296
chr17,79504752,79504852
chr8,69766457,69766557
chr7,34799269,34799369
chr17,25782963,25783063
chr19,47652889,47652989
chr4,25368813,25368913
chr4,142267436,142267536
chr8,6282733,6282833
chr18,54370289,54370389
chrX,23026671,23026771
chr17,29044132,29044232
chr18,72143548,72143648
chr4,186017339,186017439
chr17,71716352,71716452
chr14,22465673,22465773
chrY,23342997,23343097
chr2,204104368,204104468
chr1,247070924,247071024
chr13,29379486,29379586
chrX,79834166,79834266
chr22,20072584,20072684
chr20,45114621,45114721
chr2,152294243,152294343
chr20,13590987,13591087
chr9,136269172,136269272
chr6,137881036,137881136
chr22,35551027,35551127
chr3,52854924,52855024
chr14,76522668,76522768
chr1,25258845,25258945
chr5,71074606,71074706
chr20,4739894,4739994
chr6,112194551,112194651
chr2,54403829,54403929
chr15,43806845,43806945
chr6,71085768,71085868
chrX,6013667,6013767
chr19,12844276,12844376
chr11,64948468,64948568
chr1,202821565,202821665
chr20,57456219,57456319
chr18,74923965,74924065
chr14,48386672,48386772
chr14,67802647,67802747
chr1,47456883,47456983
chr21,30671107,30671207
chr10,116889689,116889789
chr1,165737960,165738060
chr1,2040189,2040289
chr3,176232128,176232228
chr3,127415129,127415229
chr4,14789702,14789802
chr5,109776871,109776971
chr7,17680487,17680587
chr4,3076171,3076271
chr21,45432571,45432671
chr1,4233341,4233441
chr2,111893516,111893616
chr4,160685622,160685722
chr1,226632770,226632870
chrX,53741621,53741721
chr10,126516228,126516328
chr13,46038776,46038876
chr18,29599675,29599775
chr20,39566841,39566941
chr3,110731644,110731744
chr14,81529327,81529427
chr8,98656439,98656539
chr20,31249783,31249883
chr19,24000486,24000586
chr3,101944393,101944493
chr10,70748533,70748633
chr4,146540616,146540716
chr9,129079931,129080031
chr17,33882867,33882967
chr8,10913525,10913625
chr9,78918026,78918126
chr2,1754729,1754829
chr6,69348300,69348400
chr3,8483820,8483920
chr11,71350341,71350441
chr20,34149210,34149310
chr2,104575772,104575872
chr5,142485871,142485971
chr10,29419265,29419365
chr5,175128185,175128285
chr17,47110073,47110173
chr1,209775539,209775639
chr2,161209829,161209929
chr12,5538039,5538139
chr17,16900951,16901051
chr11,58912473,58912573
chr12,40158897,40158997
chr14,106467573,106467673
chr20,56149083,56149183
chr11,129100019,129100119
chr2,233198225,233198325
chrX,84366497,84366597
chr17,63790768,63790868
chr7,88418900,88419000
chr8,15311248,15311348
chr14,23938455,23938555
chr1,71559725,71559825
chr1,23543343,23543443
chr5,37120522,37120622
chr2,55127079,55127179
chr7,30741975,30742075
chr19,56666616,56666716
chr21,26722518,26722618
chr3,81292186,81292286
chr7,34173938,34174038
chr16,6066635,6066735
chrX,3858158,3858258
chr2,225314274,225314374
chr7,67528307,67528407
chr3,46435633,46435733
chr9,36862258,36862358
chr7,25219537,25219637
chr6,168308892,168308992
chrX,106141913,106142013
chr11,57519254,57519354
chr11,35185416,35185516
chr17,14454,14554
chrX,132832418,132832518
chr12,24748712,24748812
chr13,29840565,29840665
chr18,6521957,6522057
chr9,74907211,74907311
chr15,91576478,91576578
chr3,170128384,170128484
chr10,93129915,93130015
chr2,207911686,207911786
chr12,59198698,59198798
chr1,92349094,92349194
chr1,221437229,221437329
chr6,31648604,31648704
chr7,115491497,115491597
chr19,39988600,39988700
chr9,79273647,79273747
chr8,13235324,13235424
chr11,65656501,65656601
chr5,15794395,15794495
chr7,99222358,99222458
chr8,23842048,23842148
chr19,5137994,5138094
chr1,31658631,31658731
chrX,50434861,50434961
chr14,30799844,30799944
chr10,68685700,68685800
chr1,156554767,156554867
chr8,71314886,71314986
chr1,220853539,220853639
chr20,34067018,34067118
chr2,105860562,105860662
chr14,50234750,50234850
chr4,2537159,2537259
chr17,53045589,53045689
chr20,41731178,41731278
chr5,57075346,57075446
chr7,100167078,100167178
chr10,100022430,100022530
chr8,11162035,11162135
chr2,183844926,183845026
chr12,120218765,120218865
chr1,17248326,17248426
chr2,207421218,207421318
chr17,79014704,79014804
chr2,18586133,18586233
chrX,13664327,13664427
chr1,65210171,65210271
chr1,220164474,220164574
chr18,39325572,39325672
chr6,109917250,109917350
chr8,2308434,2308534
chr13,37027770,37027870
chr5,95987786,95987886
chr17,12299211,12299311
chr21,40547297,40547397
chr4,171296093,171296193
chr14,90366412,90366512
chr1,27935451,27935551
chr2,158890877,158890977
chr10,6880265,6880365
chr4,130850370,130850470
chr15,64361801,64361901
chr10,96122739,96122839
chrX,131625337,131625437
chr2,153599676,153599776
chr4,3039187,3039287
chr15,56578551,56578651
chr9,130285828,130285928
chr3,180821535,180821635
chr3,111340505,111340605
chr12,85818803,85818903
chr16,13990794,13990894
chrX,137108522,137108622
chr5,14872026,14872126
chr12,79949443,79949543
chr15,80527346,80527446
chrX,26667796,26667896
chr5,54522358,54522458
chr2,111604817,111604917
chr8,101733049,101733149
chr3,16419634,16419734
chr2,74078500,74078600
chr4,88774301,88774401
chr10,104489113,104489213
chr5,138721145,138721245
chr8,87570507,87570607
chr3,14899139,14899239
chr5,159507945,159508045
chr17,42477738,42477838
chr3,85870402,85870502
chr4,25182265,25182365
chrX,132306153,132306253
chr1,241663357,241663457
chr3,42613896,42613996
chr14,22402012,22402112
chr4,96756968,96757068
chr12,12867614,12867714
chr11,65200566,65200666
chr2,175209901,175210001
chr9,33720230,33720330
chr6,103571050,103571150
chr9,124506732,124506832
chr10,89851530,89851630
chr3,184529828,184529928
chr17,27893040,27893140
chr11,60524234,60524334
chr14,94609733,94609833
chr7,122172899,122172999
chr10,71173161,71173261
chr14,106978166,106978266
chr16,32876779,32876879
chr2,217552494,217552594
chr1,117827367,117827467
chr4,120207712,120207812
chr1,236615434,236615534
chr4,26721724,26721824
chr10,5024432,5024532
chr1,230260651,230260751
chr2,130913769,130913869
chr11,31663162,31663262
chr11,128627305,128627405
chr10,276865,276965
chr16,81763084,81763184
chr1,110881010,110881110
chr6,33245848,33245948
chr15,89157887,89157987
chr12,81231268,81231368
chr7,97642912,97643012
chr11,33351427,33351527
chr1,28439692,28439792
chr11,58668409,58668509
chr1,102235210,102235310
chr2,177518755,177518855
chr3,13663485,13663585
chr2,225987725,225987825
chr1,238402106,238402206
chr16,58066317,58066417
chr6,118161997,118162097
chr5,7897255,7897355
chr1,210023901,210024001
chr3,178154624,178154724
chr19,52207337,52207437
chr5,138207337,138207437
chr2,17491155,17491255
chr5,72683077,72683177
chr9,111906363,111906463
chr6,150250681,150250781
chr3,53384832,53384932
chr6,17584552,17584652
chr14,91227207,91227307
chr5,65732734,65732834
chr19,49577356,49577456
chr8,5543634,5543734
chr19,29612809,29612909
chrX,27573754,27573854
chr20,40517922,40518022
chr14,96763482,96763582
chr14,104145877,104145977
chr9,68726334,68726434
chr13,28056045,28056145
chr15,91685509,91685609
chr22,23583248,23583348
chr22,18896067,18896167
chr2,30931834,30931934
chr1,234866622,234866722
chr6,99782538,99782638
chr15,99949372,99949472
chr15,52027581,52027681
chr16,66962795,66962895
chr13,27293821,27293921
chr14,69393090,69393190
chr15,41952835,41952935
chr4,4386680,4386780
chr10,16851484,16851584
chr3,189369979,189370079
chr16,31107298,31107398
chr11,122659660,122659760
chr6,159139627,159139727
chr5,1654199,1654299
chr11,133273895,133273995
chr3,77369851,77369951
chr1,182004639,182004739
chr12,32259589,32259689
chr2,175895840,175895940
chr7,42785089,42785189
chr16,83987773,83987873
chr15,86159372,86159472
chr2,59690100,59690200
chr17,74143960,74144060
chr4,57410870,57410970
chr3,8378282,8378382
chr16,89237147,89237247
chr12,102186453,102186553
chr2,121433254,121433354
chr1,202630416,202630516
chr16,77077171,77077271
chr19,58192975,58193075
chr3,143482568,143482668
chr7,132202983,132203083
chr10,135251380,135251480
chr6,24767076,24767176
chr16,87687054,87687154
chr11,30150000,30150100
chr15,41477183,41477283
chr16,70414895,70414995
chr15,85114129,85114229
chr12,81157725,81157825
chrX,20082212,20082312
chr16,71040587,71040687
chr8,28558987,28559087
chr7,150710037,150710137
chr2,25015741,25015841
chr1,118353281,118353381
chr5,123273001,123273101
chr12,11659635,11659735
chr10,63662260,63662360
chrX,65628394,65628494
chr5,180230360,180230460
chr7,100048193,100048293
chr17,32255001,32255101
chr3,122577328,122577428
chr5,103514966,103515066
chr5,85600937,85601037
chr15,100924137,100924237
chr14,39837691,39837791
chr7,150060648,150060748
chr6,73326267,73326367
chr7,111593822,111593922
chr1,213843656,213843756
chr5,32329620,32329720
chr5,1174675,1174775
chr16,32077695,32077795
chr10,54644126,54644226
chr2,136502457,136502557
chr7,30114203,30114303
chr16,26581261,26581361
chr8,78310671,78310771
chr13,28848221,28848321
chr2,109965577,109965677
chr3,142735333,142735433
chr15,82432280,82432380
chr8,101158139,101158239
chr1,153250506,153250606
chr15,48280264,48280364
chr20,58567717,58567817
chr7,157267457,157267557
chr18,45284534,45284634
chr15,71732968,71733068
chr5,137931219,137931319
chr13,75832451,75832551
chr17,65775245,65775345
chr1,242183267,242183367
chr5,172593426,172593526
chr8,30599432,30599532
chr16,32180252,32180352
chr11,58974230,58974330
chr7,101457548,101457648
chr1,46879429,46879529
chr22,42362804,42362904
chr7,112051397,112051497
chr1,208155488,208155588
chr14,69970623,69970723
chr19,14202340,14202440
chr8,28692773,28692873
chr13,41629552,41629652
chr11,1968486,1968586
chr5,92245331,92245431
chr3,15853871,15853971
chr2,208966800,208966900
chr6,167403285,167403385
chr17,38029057,38029157
chr15,59467140,59467240
chr6,51709289,51709389
chr3,170076059,170076159
chrX,40433160,40433260
chr11,101299758,101299858
chr8,115801548,115801648
chr2,167373365,167373465
chr1,91080550,91080650
chr7,43217421,43217521
chr1,46908055,46908155
chr6,135997156,135997256
chr2,139544799,139544899
chr9,127657054,127657154
chr12,48191379,48191479
chr17,35930764,35930864
chr20,13305726,13305826
chr8,42994322,42994422
chr2,25829895,25829995
chr1,53787181,53787281
chr5,162930278,162930378
chr7,140375201,140375301
chr5,148520960,148521060
chr14,101370811,101370911
chr7,100609526,100609626
chr2,220298730,220298830
chr2,74688603,74688703
chr1,161875211,161875311
chr1,201315870,201315970
chr2,111878105,111878205
chr1,157140665,157140765
chr7,117899282,117899382
chr1,28907862,28907962
chr2,48816461,48816561
chr10,74820945,74821045
chrX,152201095,152201195
chr3,140768735,140768835
chr3,22159389,22159489
chr2,88512165,88512265
chr13,73140188,73140288
chr20,62338230,62338330
chr15,90764671,90764771
chrX,12516087,12516187
chr14,92819104,92819204
chr8,145539768,145539868
chr19,31545500,31545600
chr14,100542517,100542617
chr5,78496552,78496652
chr7,119575614,119575714
chr18,51436179,51436279
chr16,47907479,47907579
chr15,67215872,67215972
chr5,121206352,121206452
chr11,130895050,130895150
chr5,131746733,131746833
chr11,36280462,36280562
chr10,106685157,106685257
chr4,129486878,129486978
chr6,11094340,11094440
chr17,80064271,80064371
chr3,17472578,17472678
chr15,34027956,34028056
chr19,6261007,6261107
chr4,9533814,9533914
chr8,92093999,92094099
chr11,117689926,117690026
chr17,38473741,38473841
chr7,72738240,72738340
chr19,14399746,14399846
chr6,116765398,116765498
chr1,12061778,12061878
chr4,36415991,36416091
chr15,43803898,43803998
chr19,9422872,9422972
chr15,64044426,64044526
chr8,144517013,144517113
chr12,132703667,132703767
chr18,69452161,69452261
chr1,120369812,120369912
chr18,26771334,26771434
chr16,87814139,87814239
chr1,1978067,1978167
chr15,68570638,68570738
chr10,37169987,37170087
chr14,52119965,52120065
chr4,101293719,101293819
chr1,33520882,33520982
chr12,44152648,44152748
chr22,19953700,19953800
chr15,48542936,48543036
chr18,37151615,37151715
chr17,57863852,57863952
chr12,53875960,53876060
chrX,106117450,106117550
chr7,88464590,88464690
chr4,68198484,68198584
chr20,47645319,47645419
chr11,46139555,46139655
chr9,19967713,19967813
chr13,50018202,50018302
chr7,42225910,42226010
chr21,42542491,42542591
chr12,96017488,96017588
chr4,26862092,26862192
chr18,72335518,72335618
chr15,72766013,72766113
chr3,39424736,39424836
chr15,45002889,45002989
chr14,106453777,106453877
chr19,2096057,2096157
chr14,105292885,105292985
chr6,163837962,163838062
chr20,44953763,44953863
chr2,41641693,41641793
chr1,75699148,75699248
chr8,12516980,12517080
chr15,90038290,90038390
chrX,31055114,31055214
chr14,99859519,99859619
chr1,158763504,158763604
chr15,45471467,45471567
chr15,38856983,38857083
chr5,113641448,113641548
chr12,40405075,40405175
chr4,58029848,58029948
chr2,46593591,46593691
chr6,122797405,122797505
chr11,120815937,120816037
chr17,19241551,19241651
chr2,202969130,202969230
chr22,43933008,43933108
chr17,42714094,42714194
chr10,29734483,29734583
chr2,7005603,7005703
chr20,44174846,44174946
chr12,46736417,46736517
chr10,114632610,114632710
chr1,222828299,222828399
chr10,101130811,101130911
chr18,77783343,77783443
chr1,205554096,205554196
chr3,128145274,128145374
chr14,55039177,55039277
chr20,48729238,48729338
chr20,14170586,14170686
chr5,179263815,179263915
chr2,96932254,96932354
chrX,133895987,133896087
chr11,75919952,75920052
chr19,33610140,33610240
chr17,47929260,47929360
chr2,224467245,224467345
chr10,11767345,11767445
chr11,102188087,102188187
chr3,155271709,155271809
chrX,5031329,5031429
chr11,45714497,45714597
chr6,80423567,80423667
chr4,154684734,154684834
chr12,6754232,6754332
chr19,35046521,35046621
chr11,32407643,32407743
chr8,33330792,33330892
chr1,18152739,18152839
chr19,54950753,54950853
chr9,76924716,76924816
chr1,120925522,120925622
chr15,64973784,64973884
chr15,75940289,75940389
chr21,22254945,22255045
chrX,38235272,38235372
chr10,100069463,100069563
chr2,233626166,233626266
chr20,24762159,24762259
chr12,511379,511479
chr9,37309183,37309283
chr10,105426047,105426147
chr1,84371095,84371195
chr18,42159101,42159201
chr20,43017290,43017390
chr13,28107330,28107430
chr15,84692539,84692639
chrX,103515746,103515846
chr19,43837405,43837505
chr4,1731601,1731701
chr8,130551493,130551593
chr1,208827681,208827781
chr10,18527973,18528073
chr19,52408177,52408277
chr12,124423390,124423490
chr1,49283323,49283423
chr12,91571946,91572046
chr6,110361474,110361574
chr5,74062313,74062413
chr12,49328249,49328349
chr6,153353559,153353659
chr3,126194415,126194515
chr6,51483511,51483611
chr6,90654648,90654748
chr20,30743559,30743659
chr1,25071411,25071511
chr18,51749692,51749792
chr7,151323644,151323744
chr18,41143946,41144046
chr8,91007935,91008035
chr17,11890428,11890528
chr1,246280634,246280734
chr7,26726113,26726213
chr19,35760480,35760580
chr2,68950034,68950134
chr14,55627859,55627959
chr13,48908805,48908905
chrX,103588515,103588615
chr2,75937794,75937894
chr9,113189912,113190012
chr2,220042959,220043059
chr4,121730805,121730905
chr2,10282590,10282690
chr5,101426625,101426725
chr5,159417688,159417788
chr8,10498812,10498912
chr4,134058875,134058975
chr15,30040168,30040268
chr7,29788039,29788139
chr2,53650157,53650257
chr1,247282323,247282423
chr16,49547089,49547189
chr6,93520693,93520793
chr1,14690728,14690828
chr2,127954640,127954740
chr10,9343280,9343380
chr14,25850800,25850900
chr12,114604312,114604412
chr12,92718960,92719060
chr2,201443691,201443791
chr18,9334631,9334731
chr11,134449448,134449548
chr10,91129430,91129530
chr14,29104771,29104871
chr4,6919557,6919657
chr2,164735400,164735500
chr8,73856382,73856482
chr1,208412526,208412626
chr10,126254495,126254595
chr6,28948990,28949090
chr8,134309387,134309487
chrX,64347973,64348073
chr10,27735099,27735199
chr14,21131245,21131345
chr4,93308780,93308880
chr5,170579578,170579678
chr11,78143403,78143503
chr1,24716707,24716807
chr9,108371408,108371508
chr9,119351785,119351885
chr9,134466675,134466775
chr3,125635480,125635580
chr17,5608495,5608595
chr2,145461603,145461703
chr6,54132759,54132859
chr16,28229582,28229682
chr6,135144226,135144326
chr11,112325083,112325183
chr7,44388092,44388192
chr7,115316297,115316397
chr16,67433484,67433584
chr6,34211771,34211871
chr1,232764494,232764594
chr7,95319910,95320010
chr7,123438012,123438112
chr12,40013767,40013867
chr19,44008501,44008601
chr10,90973132,90973232
chr19,9567141,9567241
chr5,114125612,114125712
chr4,17599280,17599380
chr1,71210973,71211073
chr21,32481417,32481517
chr19,18581172,18581272
chr1,204415109,204415209
chr7,18360767,18360867
chr1,36600458,36600558
chr11,78125416,78125516
chr4,100729572,100729672
chr3,142759249,142759349
chr2,198919183,198919283
chr2,188362717,188362817
chr7,95317204,95317304
chr3,94581677,94581777
chr21,44531042,44531142
chr6,120377396,120377496
chr1,2718321,2718421
chr12,5758059,5758159
chr2,240746052,240746152
chr17,53719297,53719397
chr5,102918198,102918298
chr10,89878100,89878200
chrX,16844431,16844531
chr6,27787618,27787718
chr12,72240283,72240383
chr10,52181166,52181266
chr19,32039995,32040095
chr11,60683059,60683159
chr6,1793344,1793444
chr12,14264308,14264408
chr1,25444053,25444153
chr2,166555277,166555377
chr4,84205952,84206052
chr22,26294844,26294944
chr5,21810953,21811053
chr10,28539829,28539929
chr18,52338679,52338779
chr20,30028197,30028297
chr8,133408249,133408349
chr20,39861143,39861243
chrX,98557101,98557201
chr11,65042605,65042705
chr10,6448358,6448458
chr2,31954909,31955009
chr2,164048043,164048143
chr1,154965700,154965800
chr16,89985135,89985235
chr11,35019520,35019620
chr19,12827844,12827944
chr16,85793599,85793699
chr1,160963480,160963580
chr21,43887541,43887641
chr4,140540927,140541027
chr12,66673040,66673140
chr14,75608848,75608948
chr3,170767749,170767849
chr13,45453742,45453842
chr7,6066224,6066324
chr14,54976409,54976509
chr13,47536814,47536914
chrX,124265137,124265237
chr8,101170696,101170796
chr8,67424530,67424630
chr15,66990847,66990947
chr12,15089220,15089320
chr1,151688673,151688773
chr8,115242429,115242529
chr4,33650792,33650892
chr22,50645217,50645317
chr19,49934171,49934271
chr16,61011,61111
chr7,31014581,31014681
chr17,39643150,39643250
chr22,39403813,39403913
chr4,145567723,145567823
chr5,61064656,61064756
chr9,28774589,28774689
chr9,97545433,97545533
chr20,56073968,56074068
chr7,104781682,104781782
chr16,27878981,27879081
chr21,48055040,48055140
chr12,55117544,55117644
chr17,1436659,1436759
chr5,43661361,43661461
chr3,15282995,15283095
chr11,57103378,57103478
chr11,73441008,73441108
chr3,52516269,52516369
chr1,198328330,198328430
chr7,72993132,72993232
chr12,68024608,68024708
chr13,50226968,50227068
chr1,151861584,151861684
chr8,100878189,100878289
chr12,65707621,65707721
chr15,75280542,75280642
chr13,114909348,114909448
chr1,180748081,180748181
chr6,33386364,33386464
chr6,132619633,132619733
chr12,123749284,123749384
chr5,40653139,40653239
chr1,170482445,170482545
chr1,181073860,181073960
chr12,57670892,57670992
chr6,83931736,83931836
chr16,56075790,56075890
chr4,157299410,157299510
chr16,80982916,80983016
chr16,86551425,86551525
chr7,32101906,32102006
chr7,6146176,6146276
chr11,80948338,80948438
chr2,54884834,54884934
chr17,79270006,79270106
chr2,172397893,172397993
chr15,77133363,77133463
chr3,176768676,176768776
chrX,149108863,149108963
chr11,118465868,118465968
chr7,63643595,63643695
chr15,62537145,62537245
chr8,125574187,125574287
chr5,119391689,119391789
chr3,165731006,165731106
chr12,46049103,46049203
chr1,59248108,59248208
chr1,45075227,45075327
chr6,31657430,31657530
chr12,11734259,11734359
chr6,70930810,70930910
chr4,126205014,126205114
chr10,11861948,11862048
chr7,103908362,103908462
chr12,56473151,56473251
chr1,231227835,231227935
chr10,106166593,106166693
chrX,36927007,36927107
chr9,7052708,7052808
chr13,113866217,113866317
chr12,24513082,24513182
chr8,142085766,142085866
chr2,102490172,102490272
chr1,177882982,177883082
chr4,70036396,70036496
chr22,47135131,47135231
chr2,102500440,102500540
chr2,35653761,35653861
chr14,60631476,60631576
chr7,40546892,40546992
chr8,54923125,54923225
chr5,118292590,118292690
chr20,17635728,17635828
chr11,31067049,31067149
chr10,43886282,43886382
chr2,242664021,242664121
chrX,139900247,139900347
chr17,45794923,45795023
chr11,118223990,118224090
chr13,27546404,27546504
chr7,133029159,133029259
chr2,115923222,115923322
chr1,18883012,18883112
chr4,107160138,107160238
chr16,4561614,4561714
chr16,71598956,71599056
chr13,23981181,23981281
chr1,23188734,23188834
chr1,33613663,33613763
chr1,29524190,29524290
chr8,11416413,11416513
chr3,142563335,142563435
chr4,15008215,15008315
chr10,100091812,100091912
chr16,15871778,15871878
chr14,55904923,55905023
chr14,99738594,99738694
chr14,34568053,34568153
chr20,53597027,53597127
chrX,38034553,38034653
chr17,49617738,49617838
chr16,71679510,71679610
chr7,112929355,112929455
chr17,17794451,17794551
chr15,44719279,44719379
chr19,48216514,48216614
chr11,32416813,32416913
chr5,128462509,128462609
chr9,757682,757782
chrX,23634658,23634758
chr7,86444472,86444572
chr9,123201579,123201679
chr15,44885301,44885401
chr18,48636817,48636917
chr6,9413337,9413437
chr13,44765671,44765771
chr1,105747588,105747688
chr3,43544728,43544828
chr1,18081692,18081792
chr8,92248791,92248891
chr1,30579121,30579221
chr2,191179603,191179703
chr1,149748821,149748921
chr7,153769055,153769155
chr12,63328990,63329090
chr18,47814046,47814146
chr17,1171783,1171883
chr7,11413303,11413403
chr2,188445556,188445656
chr1,47088264,47088364
chr8,144869066,144869166
chr15,33518955,33519055
chr21,34258730,34258830
chr5,9339457,9339557
chr22,20305265,20305365
chr15,22387610,22387710
chr1,169979726,169979826
chr1,20301407,20301507
chr4,25443287,25443387
chr5,108815103,108815203
chr15,49258353,49258453
chr2,204090292,204090392
chr6,64474390,64474490
chr3,171364266,171364366
chr10,183206,183306
chr9,116725466,116725566
chr7,4699285,4699385
chr5,65535000,65535100
chr17,15340167,15340267
chr1,54344306,54344406
chr3,14957498,14957598
chr3,160646280,160646380
chr6,91401685,91401785
chr8,58986953,58987053
chr3,156393386,156393486
chr5,62421754,62421854
chr21,45359048,45359148
chr15,75074246,75074346
chr1,145455940,145456040
chr4,56602966,56603066
chr10,10719595,10719695
chr12,53870794,53870894
chr10,35409372,35409472
chr14,107121976,107122076
chr6,3069205,3069305
chr2,237218312,237218412
chr1,62536229,62536329
chr13,112092993,112093093
chr17,80871691,80871791
chr3,39106851,39106951
chr1,149764157,149764257
chr5,114884964,114885064
chr16,15736568,15736668
chr19,41108140,41108240
chr15,22302091,22302191
chr17,4152799,4152899
chr17,1786214,1786314
chr9,136469491,136469591
chr9,74818258,74818358
chr3,15599087,15599187
chr17,72081740,72081840
chr19,10223829,10223929
chr1,32575092,32575192
chr1,192967816,192967916
chr12,98548779,98548879
chr2,62126087,62126187
chr4,80163075,80163175
chr9,137581530,137581630
chr7,126540248,126540348
chr1,196324458,196324558
chr8,114384681,114384781
chr22,24627359,24627459
chr14,65377737,65377837
chr6,105344948,105345048
chr11,36562736,36562836
chr4,155004059,155004159
chr18,75362903,75363003
chr4,122658046,122658146
chrX,47422133,47422233
chr11,134077462,134077562
chr3,131899246,131899346
chr12,101127748,101127848
chr3,148709031,148709131
chr7,79724977,79725077
chr12,57028908,57029008
chr2,228913729,228913829
chr5,96761350,96761450
chr4,98831291,98831391
chr7,37274590,37274690
chr2,182435923,182436023
chr20,13752636,13752736
chr19,40931345,40931445
chr7,72300709,72300809
chr16,58035357,58035457
chr1,17227413,17227513
chr1,15131292,15131392
chr4,26062994,26063094
chr15,79100996,79101096
chr9,140070025,140070125
chr12,30042805,30042905
chr13,85491516,85491616
chrX,50731824,50731924
chr3,67435332,67435432
chr2,130681520,130681620
chr19,58730442,58730542
chr3,160991515,160991615
chr3,30305581,30305681
chr19,1401607,1401707
chr13,50961324,50961424
chr13,24445914,24446014
chr4,86068743,86068843
chrX,151804542,151804642
chr13,26687158,26687258
chr5,79125243,79125343
chr2,667508,667608
chr7,151007742,151007842
chr1,54277402,54277502
chr8,57883495,57883595
chr12,14964164,14964264
chr17,33220056,33220156
chr17,79520439,79520539
chr2,10927767,10927867
chr19,35047603,35047703
chr11,47281190,47281290
chr1,247739973,247740073
chr17,52832010,52832110
chr2,204516222,204516322
chr6,14044488,14044588
chr8,82214883,82214983
chr3,52089332,52089432
chr5,86309043,86309143
chr13,62693998,62694098
chr2,136557465,136557565
chr4,10166591,10166691
chr17,66968430,66968530
chr10,75973470,75973570
chr13,76591092,76591192
chr21,28104968,28105068
chrX,77631490,77631590
chr6,6788763,6788863
chr14,36414220,36414320
chr8,97247009,97247109
chr12,124457404,124457504
chr20,32032803,32032903
chr5,137618992,137619092
chr14,54955863,54955963
chr5,172572012,172572112
chr15,33287189,33287289
chr16,81763990,81764090
chr7,99998403,99998503
chr6,79758491,79758591
chr10,116310533,116310633
chr15,76478126,76478226
chr4,164602510,164602610
chr2,23127089,23127189
chr3,150481772,150481872
chr3,72715417,72715517
chrX,42802846,42802946
chr18,12271785,12271885
chr4,4727951,4728051
chr9,83279852,83279952
chr17,17304643,17304743
chr22,24372430,24372530
chr14,106598812,106598912
chr6,123047878,123047978
chr9,96067310,96067410
chr7,105400802,105400902
chr7,152556938,152557038
chr8,128748448,128748548
chr4,13629413,13629513
chr5,100042693,100042793
chr5,140220658,140220758
chr3,31652337,31652437
chr14,106815629,106815729
chr6,3157843,3157943
chr20,62586967,62587067
chr5,33970097,33970197
chr15,66694008,66694108
chrX,63313805,63313905
chr2,102852071,102852171
chr16,89374931,89375031
chr7,12107227,12107327
chr1,202433421,202433521
chr7,76266516,76266616
chr11,14996421,14996521
chr1,105680197,105680297
chr5,7261217,7261317
chr1,92495930,92496030
chr6,79321790,79321890
chr1,147817879,147817979
chr2,208095062,208095162
chr22,30663854,30663954
chr2,9910628,9910728
chr8,119522884,119522984
chr22,26173991,26174091
chr8,108544648,108544748
chr3,57583262,57583362
chrX,10584129,10584229
chr15,81448106,81448206
chr1,197838199,197838299
chr10,115870496,115870596
chr10,76586444,76586544
chr3,12179621,12179721
chr5,35436696,35436796
chr9,4640207,4640307
chr7,111403380,111403480
chr6,26250516,26250616
chr12,54185636,54185736
chr5,140734498,140734598
chr12,7071282,7071382
chr2,204103477,204103577
chr18,54312786,54312886
chr9,93657653,93657753
chr17,14332132,14332232
chr2,107456432,107456532
chr6,1364500,1364600
chr5,151151110,151151210
chr1,97991232,97991332
chr4,61329990,61330090
chr4,35409417,35409517
chr20,43429174,43429274
chr2,213459895,213459995
chr21,28142041,28142141
chr7,143187931,143188031
chr5,149903471,149903571
chr14,79477581,79477681
chr5,137930519,137930619
chr16,15521554,15521654
chr1,152459035,152459135
chr5,16489471,16489571
chr3,50359239,50359339
chr10,94404414,94404514
chr2,161861051,161861151
chr3,67408416,67408516
chr4,129301164,129301264
chr1,77609357,77609457
chr2,129492141,129492241
chr11,129637152,129637252
chr15,75745307,75745407
chr4,17513781,17513881
chr9,88313354,88313454
chr6,168771051,168771151
chr18,71749798,71749898
chr2,49844078,49844178
chr5,112999725,112999825
chr10,42924153,42924253
chr11,61213771,61213871
chr10,73423860,73423960
chr2,73587601,73587701
chr12,99780849,99780949
chr18,51796836,51796936
chr15,91147290,91147390
chr7,5527609,5527709
chr10,6885440,6885540
chr10,12889723,12889823
chr10,15209849,15209949
chr3,57146480,57146580
chr1,96701830,96701930
chr1,180914522,180914622
chr2,224644711,224644811
chr1,63655553,63655653
chr19,14999765,14999865
chr1,175712871,175712971
chr12,60888192,60888292
chr8,111072721,111072821
chr3,120137875,120137975
chr17,37417710,37417810
chr3,62187236,62187336
chr22,20098815,20098915
chr19,8386221,8386321
chr11,12143750,12143850
chr1,37562285,37562385
chr5,150369377,150369477
chr1,161109735,161109835
chr6,17086763,17086863
chr12,111710003,111710103
chr12,26587395,26587495
chr2,228190344,228190444
chr3,59795655,59795755
chr7,27250076,27250176
chr4,145568527,145568627
chr11,93518026,93518126
chr10,61860055,61860155
chrX,38627459,38627559
chr8,11337746,11337846
chr19,29750250,29750350
chr2,97678078,97678178
chr7,18103991,18104091
chr6,114625634,114625734
chr8,59372307,59372407
chr5,142393712,142393812
chr2,111576791,111576891
chrX,135291617,135291717
chr12,79515405,79515505
chr22,48233614,48233714
chr2,178623714,178623814
chr6,137663151,137663251
chr10,82218867,82218967
chr12,77321105,77321205
chr6,18824178,18824278
chr11,32319287,32319387
chrX,144486663,144486763
chr17,77015735,77015835
chr20,48808532,48808632
chr6,57539515,57539615
chr21,26794158,26794258
chr4,140576336,140576436
chr4,78230168,78230268
chr2,224171241,224171341
chr11,73115223,73115323
chr8,22438036,22438136
chrX,38577249,38577349
chr5,172134315,172134415
chr5,179334956,179335056
chr8,22225447,22225547
chr20,49073183,49073283
chr4,124694104,124694204
chr1,170851205,170851305
chr15,90514913,90515013
chr1,234225287,234225387
chr4,178314513,178314613
chr12,107528559,107528659
chr10,12772042,12772142
chr16,28874691,28874791
chr6,101167912,101168012
chrX,34319156,34319256
chr22,31952751,31952851
chr3,173271598,173271698
chr2,41468477,41468577
chr4,99034293,99034393
chr14,93156845,93156945
chr15,59539695,59539795
chr5,68180868,68180968
chr1,245242458,245242558
chr13,60254694,60254794
chrX,24168571,24168671
chr4,159177038,159177138
chr11,6013987,6014087
chr10,76025890,76025990
chr8,105881256,105881356
chr22,38658204,38658304
chr15,65579243,65579343
chr5,132623373,132623473
chrX,45374514,45374614
chr3,42623866,42623966
chr17,27894918,27895018
chr13,37683335,37683435
chr1,116088884,116088984
chr2,73917933,73918033
chr15,36793406,36793506
chr7,7464155,7464255
chr6,45278128,45278228
chr3,150803206,150803306
chr7,141454843,141454943
chr1,181880204,181880304
chr3,192908384,192908484
chr9,37508989,37509089
chr17,47269342,47269442
chr10,69426346,69426446
chr22,19465254,19465354
chr11,27518973,27519073
chr5,156898891,156898991
chr2,234313009,234313109
chr5,44774553,44774653
chr14,107148303,107148403
chr7,38451178,38451278
chr7,50159548,50159648
chr5,3997918,3998018
chr11,13856129,13856229
chr3,107409494,107409594
chr1,181473592,181473692
chr6,116539405,116539505
chr15,80142273,80142373
chr6,106957384,106957484
chr4,83934190,83934290
chr15,65563432,65563532
chr14,79368520,79368620
chr9,87019133,87019233
chr5,13957345,13957445
chr1,65141565,65141665
