chr8,28650993,28651093
chr14,78119946,78120046
chr8,21946538,21946638
chr2,162427069,162427169
chr15,27219387,27219487
chr5,81044513,81044613
chr11,21535996,21536096
chr10,73839070,73839170
chr7,107738305,107738405
chr17,28978040,28978140
chr3,120286689,120286789
chr2,195410828,195410928
chr2,172304338,172304438
chr6,109777126,109777226
chr10,126300378,126300478
chr11,122904659,122904759
chr5,101872186,101872286
chr15,23890568,23890668
chr4,46331264,46331364
chr4,160113351,160113451
chr9,74590905,74591005
chr5,160273794,160273894
chr17,77879739,77879839
chr2,26467460,26467560
chr10,116561403,116561503
chr3,176381828,176381928
chr7,85481067,85481167
chr3,162583393,162583493
chr12,93323013,93323113
chr10,92848639,92848739
chr16,67406693,67406793
chr7,37270459,37270559
chr5,141521197,141521297
chr13,92727080,92727180
chr4,52751668,52751768
chrX,86593636,86593736
chr7,158947090,158947190
chr12,6603691,6603791
chr2,46884240,46884340
chr14,71675602,71675702
chr22,32840293,32840393
chr11,111399346,111399446
chr1,202175051,202175151
chr20,60237878,60237978
chr3,13234521,13234621
chr12,109823457,109823557
chr7,150774061,150774161
chr10,47644907,47645007
chr13,22852618,22852718
chr6,147096507,147096607
chr3,168338805,168338905
chr20,23000134,23000234
chr5,176730617,176730717
chr16,81175151,81175251
chr5,4532828,4532928
chr2,129478191,129478291
chr6,693580,693680
chr10,6215250,6215350
chr16,70713931,70714031
chr2,16734627,16734727
chr6,103067610,103067710
chr12,130765006,130765106
chr13,96881777,96881877
chr2,112463661,112463761
chr10,11220196,11220296
chr1,163843533,163843633
chr1,25828382,25828482
chr10,73649386,73649486
chr11,65473687,65473787
chr13,99521779,99521879
chr14,104563460,104563560
chr8,144388944,144389044
chr5,157247797,157247897
chr4,117521139,117521239
chr16,4666541,4666641
chr8,133109889,133109989
chr7,69290173,69290273
chr1,27435747,27435847
chr17,16189255,16189355
chr3,57838797,57838897
chr1,86042747,86042847
chr3,121248338,121248438
chr10,73574721,73574821
chr12,88504978,88505078
chr11,64099456,64099556
chr16,84780598,84780698
chr17,55162942,55163042
chr15,43802446,43802546
chr8,29387089,29387189
chr3,100353801,100353901
chr16,49416982,49417082
chr20,51998642,51998742
chr17,17414703,17414803
chr10,28072716,28072816
chr19,15284678,15284778
chr9,23492284,23492384
chr19,38865204,38865304
chr15,79200075,79200175
chr17,74053157,74053257
chr19,8389429,8389529
chr9,22244277,22244377
chr21,46776328,46776428
chrX,79686809,79686909
chr2,111506084,111506184
chr5,52410990,52411090
chr22,46448809,46448909
chr16,3083884,3083984
chr12,66563657,66563757
chr18,46439696,46439796
chr17,7760403,7760503
chr19,8552296,8552396
chr2,2105839,2105939
chr3,53547764,53547864
chr1,153545097,153545197
chr3,48970502,48970602
chr2,223966589,223966689
chr13,111806420,111806520
chr9,139655410,139655510
chr4,66446404,66446504
chr10,126833767,126833867
chr2,240609922,240610022
chr5,74561644,74561744
chr15,56825093,56825193
chr9,20423326,20423426
chr17,60630637,60630737
chr1,201866096,201866196
chr12,15164249,15164349
chr13,113343826,113343926
chr12,57505480,57505580
chr3,148097697,148097797
chr1,154968310,154968410
chr10,6389414,6389514
chr2,225795748,225795848
chr4,116458707,116458807
chr1,154910151,154910251
chr14,101691242,101691342
chr2,9473869,9473969
chr3,104347158,104347258
chr17,67354944,67355044
chr8,22054312,22054412
chr4,67953743,67953843
chr1,51510667,51510767
chrX,86201731,86201831
chr1,192137218,192137318
chr10,65527456,65527556
chr7,4671391,4671491
chr8,25824373,25824473
chr20,35176570,35176670
chr7,114303719,114303819
chr10,125950964,125951064
chr17,55850289,55850389
chr4,47665146,47665246
chr5,176171834,176171934
chr4,128526601,128526701
chr2,219134814,219134914
chr7,126248550,126248650
chr12,130677644,130677744
chr16,28102433,28102533
chr14,70784736,70784836
chr5,59591370,59591470
chr14,66281985,66282085
chr11,111957346,111957446
chr16,30968472,30968572
chr19,15236426,15236526
chr3,138145209,138145309
chr1,1533157,1533257
chr18,45844483,45844583
chr17,11167949,11168049
chr1,17240689,17240789
chr10,255446,255546
chr19,47324714,47324814
chr16,78261819,78261919
chr6,89832461,89832561
chr6,14281156,14281256
chr12,52306993,52307093
chr12,34191417,34191517
chr2,113258833,113258933
chr7,64145614,64145714
chr5,152876446,152876546
chr15,100673333,100673433
chr7,138812587,138812687
chr9,137000673,137000773
chr4,78354012,78354112
chr3,113932665,113932765
chr7,73598179,73598279
chr14,100659504,100659604
chr11,57386918,57387018
chr1,152595853,152595953
chr1,198492418,198492518
chr1,76374444,76374544
chr6,44598271,44598371
chr22,35734112,35734212
chr7,139005850,139005950
chr19,17733256,17733356
chr3,76073906,76074006
chr2,162855470,162855570
chr19,43246306,43246406
chr14,93650770,93650870
chr9,91275627,91275727
chr1,72475910,72476010
chr1,16066371,16066471
chr8,38759161,38759261
chrX,64105871,64105971
chr3,154041751,154041851
chr11,22191532,22191632
chr6,112693567,112693667
chr9,136860238,136860338
chr3,124921222,124921322
chr18,43988395,43988495
chr6,5398869,5398969
chr7,6865946,6866046
chr20,43100218,43100318
chr4,159093789,159093889
chr1,205779759,205779859
chr8,23273241,23273341
chr5,100237753,100237853
chr13,40340086,40340186
chr10,118986505,118986605
chr5,64333795,64333895
chr15,71867934,71868034
chr9,108237764,108237864
chr11,132028140,132028240
chr10,98081726,98081826
chr6,155851512,155851612
chr6,24601250,24601350
chr13,50091757,50091857
chr1,51433819,51433919
chr5,7392677,7392777
chr3,36878680,36878780
chr4,48343582,48343682
chr16,15149628,15149728
chr20,4549840,4549940
chr18,3870029,3870129
chr10,73485836,73485936
chr6,57086470,57086570
chr18,13375732,13375832
chr22,29331865,29331965
chr20,54032214,54032314
chr17,54707317,54707417
chr7,133539667,133539767
chr21,45558118,45558218
chr14,78271061,78271161
chr1,33603573,33603673
chr2,61032640,61032740
chr20,31330306,31330406
chr12,116304850,116304950
chr4,15807942,15808042
chr3,38204809,38204909
chr10,49652495,49652595
chr3,155100312,155100412
chr13,50253521,50253621
chr16,359636,359736
chr11,91944880,91944980
chr8,68251869,68251969
chr16,31484165,31484265
chr16,74734474,74734574
chr1,66826208,66826308
chr5,135313228,135313328
chr4,149919995,149920095
chr16,72691952,72692052
chr4,128802681,128802781
chr14,107066860,107066960
chr18,48311261,48311361
chr3,171585907,171586007
chr1,104496169,104496269
chr7,5717795,5717895
chr15,64648803,64648903
chr11,47270673,47270773
chr15,52455862,52455962
chr1,150141320,150141420
chr16,3126810,3126910
chr13,94997790,94997890
chr8,74790213,74790313
chr3,111393529,111393629
chr20,32698539,32698639
chr4,154442740,154442840
chr7,127675915,127676015
chr12,14291558,14291658
chr1,35451005,35451105
chr4,132565932,132566032
chr1,46216495,46216595
chr20,46130577,46130677
chr2,30448136,30448236
chr11,118186243,118186343
chr9,9791813,9791913
chr5,140588181,140588281
chr7,6970574,6970674
chr2,9983615,9983715
chr4,48277418,48277518
chr20,9196337,9196437
chr7,115347449,115347549
chr14,70724399,70724499
chr12,100522432,100522532
chr5,75031146,75031246
chr2,175214887,175214987
chr13,46871140,46871240
chr3,82378607,82378707
chr6,36740330,36740430
chr3,93692526,93692626
chr2,114344926,114345026
chr3,151008596,151008696
chr20,59203230,59203330
chr9,27548306,27548406
chr5,68855965,68856065
chr4,82181778,82181878
chr7,53418067,53418167
chr5,179636185,179636285
chr5,119794087,119794187
chr7,63641478,63641578
chr11,47572828,47572928
chr1,112534170,112534270
chr13,51380101,51380201
chr18,29523316,29523416
chr8,14314773,14314873
chr5,132825416,132825516
chr12,26211372,26211472
chr6,56716719,56716819
chr19,58919612,58919712
chr12,132860926,132861026
chr4,113153362,113153462
chr9,80512338,80512438
chr17,6551657,6551757
chr13,97469743,97469843
chr14,60037004,60037104
chr10,11575583,11575683
chr11,130241242,130241342
chr4,137608457,137608557
chrX,7674225,7674325
chr6,551531,551631
chr20,18774758,18774858
chr1,13813942,13814042
chr5,139090645,139090745
chr7,18739941,18740041
chr9,115473516,115473616
chr4,140970566,140970666
chr15,84105460,84105560
chrX,118646617,118646717
chr21,44253680,44253780
chr20,30327232,30327332
chr10,101988503,101988603
chr13,52019175,52019275
chr22,17645649,17645749
chr15,78731379,78731479
chr21,47573281,47573381
chr15,61823120,61823220
chr22,49713466,49713566
chr7,116443068,116443168
chr6,52227458,52227558
chr4,2957185,2957285
chr8,79837133,79837233
chr11,16653876,16653976
chr4,95653101,95653201
chr6,146082845,146082945
chr17,68804845,68804945
chr21,35464056,35464156
chr2,23728246,23728346
chr1,200525279,200525379
chr2,1858703,1858803
chr1,119683652,119683752
chr19,32955241,32955341
chr12,12234805,12234905
chr4,138782984,138783084
chr11,67567317,67567417
chr12,66357009,66357109
chr7,152810395,152810495
chr11,61889698,61889798
chr6,155126576,155126676
chr6,43806151,43806251
chr18,43999414,43999514
chr2,216924396,216924496
chr5,33423288,33423388
chr6,20560294,20560394
chr4,7187961,7188061
chrX,83015038,83015138
chr6,106808323,106808423
chr20,46601059,46601159
chr21,34852555,34852655
chr8,102345222,102345322
chr15,92821105,92821205
chr5,154526947,154527047
chr19,42210909,42211009
chr10,101492490,101492590
chr14,59351322,59351422
chr5,120360178,120360278
chr6,30638669,30638769
chr12,122621885,122621985
chr19,46876205,46876305
chrX,106106400,106106500
chr1,161708701,161708801
chr12,11887177,11887277
chr2,144920389,144920489
chr11,33280007,33280107
chr4,171912249,171912349
chr7,99787778,99787878
chr8,54223793,54223893
chr5,53739227,53739327
chrX,149849617,149849717
chr6,3068439,3068539
chr10,94640189,94640289
chr19,3852785,3852885
chr2,239168255,239168355
chr5,58303442,58303542
chr3,5274427,5274527
chr1,2470893,2470993
chrX,47714006,47714106
chr11,47279576,47279676
chr2,37253394,37253494
chr6,7086804,7086904
chr16,8745901,8746001
chr15,73853007,73853107
chr12,7150291,7150391
chr4,2414773,2414873
chr9,103452862,103452962
chr1,116903520,116903620
chr19,1383283,1383383
chr19,8412732,8412832
chr20,56101723,56101823
chr13,110080162,110080262
chr3,9769028,9769128
chr1,161617467,161617567
chr6,158865359,158865459
chr9,94741190,94741290
chr5,34465568,34465668
chr10,13655644,13655744
chr8,133785471,133785571
chr22,51213659,51213759
chr20,43588426,43588526
chr4,21471225,21471325
chr17,80872973,80873073
chr5,94229634,94229734
chr5,54333040,54333140
chrX,51384474,51384574
chr4,88274779,88274879
chr14,42579476,42579576
chr1,23680851,23680951
chr7,106377844,106377944
chr20,32003926,32004026
chr12,68630458,68630558
chr22,42342493,42342593
chr6,138249106,138249206
chr15,56786252,56786352
chr3,75220935,75221035
chr5,37050506,37050606
chr9,74331243,74331343
chr2,183514165,183514265
chr3,11920475,11920575
chr21,38446014,38446114
chr3,124070662,124070762
chr19,47219482,47219582
chr9,20043622,20043722
chr11,8268966,8269066
chr22,40339566,40339666
chr2,151766276,151766376
chrX,51079570,51079670
chr1,42192564,42192664
chr16,3715664,3715764
chr2,242331668,242331768
chr3,28768515,28768615
chr17,21192046,21192146
chr11,18031777,18031877
chr9,109807369,109807469
chr7,150657152,150657252
chr3,127678902,127679002
chr11,65473886,65473986
chr5,110814141,110814241
chr16,20751752,20751852
chr4,48129895,48129995
chr19,45197644,45197744
chr3,34021918,34022018
chrX,62232177,62232277
chr17,54969233,54969333
chr1,40550497,40550597
chr1,150228438,150228538
chr8,59933899,59933999
chr6,27774785,27774885
chr3,82213198,82213298
chr20,60980502,60980602
chr14,103059758,103059858
chr6,160030158,160030258
chr14,96032624,96032724
chr12,110235783,110235883
chr2,113950197,113950297
chr10,104474730,104474830
chr5,113782958,113783058
chr4,140682731,140682831
chr17,62962218,62962318
chr4,100426048,100426148
chr19,50420186,50420286
chr2,89504794,89504894
chr10,80889276,80889376
chr21,36425728,36425828
chr13,42479875,42479975
chr19,39813815,39813915
chr6,93746654,93746754
chr18,43496427,43496527
chr11,111722513,111722613
chr4,109052216,109052316
chrX,57613675,57613775
chr11,71814581,71814681
chr13,45045236,45045336
chr2,199187153,199187253
chrX,137857796,137857896
chr5,156263085,156263185
chr10,114194929,114195029
chr20,37179041,37179141
chr18,76208280,76208380
chr12,94226,94326
chr22,25729586,25729686
chr16,69528919,69529019
chr12,130498655,130498755
chr15,58746776,58746876
chr1,110026087,110026187
chr8,136840915,136841015
chr1,234744246,234744346
chr1,112113458,112113558
chr4,106553336,106553436
chr2,191646504,191646604
chr14,69362952,69363052
chr14,50727406,50727506
chr1,232738489,232738589
chr3,42560409,42560509
chr3,93834434,93834534
chrX,67930881,67930981
chr7,134409499,134409599
chr16,11327170,11327270
chr4,8269034,8269134
chr10,121367955,121368055
chr7,156929215,156929315
chr14,74968970,74969070
chr4,142632512,142632612
chr5,120354974,120355074
chr13,27175933,27176033
chr4,116794363,116794463
chr2,178501524,178501624
chrX,2793967,2794067
chr11,180242,180342
chr13,20702831,20702931
chr13,110742303,110742403
chr18,13113163,13113263
chr9,892271,892371
chr20,37894157,37894257
chr3,172993769,172993869
chr10,75818549,75818649
chr9,111955143,111955243
chr5,58792747,58792847
chr6,53016595,53016695
chr2,86745744,86745844
chr10,84556385,84556485
chr1,161089556,161089656
chr2,240297196,240297296
chr1,247242262,247242362
chr14,46959734,46959834
chrY,28709265,28709365
chr9,78643387,78643487
chr3,118582976,118583076
chr2,169228501,169228601
chr17,33443953,33444053
chr8,134106271,134106371
chr17,63215413,63215513
chr22,39727330,39727430
chr14,73698706,73698806
chr2,24451504,24451604
chr1,7599955,7600055
chr21,43539171,43539271
chrX,123152045,123152145
chr11,92981927,92982027
chr12,10875159,10875259
chr1,66902174,66902274
chr7,128520258,128520358
chr6,36561925,36562025
chr17,74084251,74084351
chr14,107249343,107249443
chr7,17980153,17980253
chr18,45459174,45459274
chr12,116385667,116385767
chr3,186868602,186868702
chr13,39446987,39447087
chr10,116454633,116454733
chr20,10414773,10414873
chr7,45620317,45620417
chr1,207494489,207494589
chr5,108255751,108255851
chr19,15362580,15362680
chr3,15100036,15100136
chr12,78575470,78575570
chr8,29814495,29814595
chr6,85489270,85489370
chr1,19233755,19233855
chr19,57901279,57901379
chr20,34156650,34156750
chr22,44963940,44964040
chr8,135489132,135489232
chr6,2159026,2159126
chr11,32195145,32195245
chr6,157335,157435
chr10,124740775,124740875
chr1,154301728,154301828
chr7,144867123,144867223
chr19,43692318,43692418
chr5,10201728,10201828
chrX,23920104,23920204
chr2,178773150,178773250
chr1,178024376,178024476
chr8,100404148,100404248
chr10,134350749,134350849
chr12,102063946,102064046
chr11,17848700,17848800
chr1,244615559,244615659
chr10,3264301,3264401
chr5,16585554,16585654
chr6,116937340,116937440
chr16,2515731,2515831
chrX,53268811,53268911
chr9,80619586,80619686
chr2,107161448,107161548
chr10,50392763,50392863
chr6,37528373,37528473
chrX,20079765,20079865
chr12,129436135,129436235
chr17,20847699,20847799
chr1,155066976,155067076
chr19,32815708,32815808
chr16,27142252,27142352
chr22,32242855,32242955
chr20,62580613,62580713
chr20,4761032,4761132
chr6,304011,304111
chr20,21621338,21621438
chr12,82191009,82191109
chr20,49407322,49407422
chr4,159091804,159091904
chr7,90712298,90712398
chr3,31503578,31503678
chr11,65339496,65339596
chr9,140862982,140863082
chr12,17742072,17742172
chr21,45864467,45864567
chr8,6643144,6643244
chr21,17102539,17102639
chr12,108015924,108016024
chr4,148846394,148846494
chr1,246581598,246581698
chr20,57657168,57657268
chr11,15180803,15180903
chr5,157548817,157548917
chr11,71503802,71503902
chr11,131374228,131374328
chr11,82930283,82930383
chr10,13829875,13829975
chr1,211307631,211307731
chr6,82887961,82888061
chr3,50452644,50452744
chr9,103462995,103463095
chr7,86543916,86544016
chr13,51723247,51723347
chr2,73512427,73512527
chr20,39331275,39331375
chr2,106404326,106404426
chrX,13103765,13103865
chr2,15198307,15198407
chr9,85814303,85814403
chr11,85302045,85302145
chr14,100737638,100737738
chr4,6909610,6909710
chr15,24068772,24068872
chr7,30391964,30392064
chr6,112658476,112658576
chr4,88769892,88769992
chr5,67418509,67418609
chr9,38334386,38334486
chr4,1580980,1581080
chr12,14909419,14909519
chr1,32739416,32739516
chr2,178062956,178063056
chr3,127311002,127311102
chr7,131229786,131229886
chr14,103851912,103852012
chr11,17928098,17928198
chrX,142525366,142525466
chr20,17592131,17592231
chr7,41355509,41355609
chr4,111510583,111510683
chrX,96025461,96025561
chr2,146242139,146242239
chrX,119586179,119586279
chr15,41230357,41230457
chr8,137072327,137072427
chr19,37605042,37605142
chr15,71395597,71395697
chr3,46118277,46118377
chr12,22697139,22697239
chr12,96456962,96457062
chr10,132345777,132345877
chr7,132079169,132079269
chr6,159016426,159016526
chr11,64571861,64571961
chr7,38110381,38110481
chr16,69893646,69893746
chr16,15166411,15166511
chr3,172309160,172309260
chr7,139705770,139705870
chr10,112679439,112679539
chr6,102865596,102865696
chr12,5182380,5182480
chrX,6966207,6966307
chr10,63663239,63663339
chr7,105753111,105753211
chr18,32967218,32967318
chr7,38787700,38787800
chr5,131800111,131800211
chr19,40388529,40388629
chr11,597271,597371
chr18,73986814,73986914
chr19,1261545,1261645
chr15,35000658,35000758
chr19,605528,605628
chr15,98685933,98686033
chr15,79317737,79317837
chr3,184023493,184023593
chr1,214625928,214626028
chr22,50685354,50685454
chr12,98912140,98912240
chr13,31035935,31036035
chr20,2894903,2895003
chr9,71838586,71838686
chr8,131694258,131694358
chr5,180515406,180515506
chr12,94223010,94223110
chr2,68873609,68873709
chr1,79819087,79819187
chr6,160493484,160493584
chr13,48369229,48369329
chr16,21813298,21813398
chr8,126131471,126131571
chr12,116997877,116997977
chr12,19335104,19335204
chr12,117669690,117669790
chrX,25739797,25739897
chr6,136904290,136904390
chr11,46411064,46411164
chr18,55719146,55719246
chr1,19700960,19701060
chr3,171552146,171552246
chr7,30452801,30452901
chr20,4006848,4006948
chr19,36542309,36542409
chr7,144552070,144552170
chr11,63360707,63360807
chr12,49691987,49692087
chr5,81660423,81660523
chr1,26517005,26517105
chr4,4903754,4903854
chrX,70329063,70329163
chr6,34950222,34950322
chr2,240362250,240362350
chr5,18314445,18314545
chr3,197252745,197252845
chr5,88023650,88023750
chr22,23045146,23045246
chr8,8749610,8749710
chr21,35916422,35916522
chrX,50648495,50648595
chr4,44728540,44728640
chr9,18826454,18826554
chr1,166845723,166845823
chr8,129695912,129696012
chr8,66864244,66864344
chr6,146217044,146217144
chr2,191203328,191203428
chr18,33519292,33519392
chr12,50616373,50616473
chr10,11895613,11895713
chr16,71915508,71915608
chr14,60349848,60349948
chr14,75489525,75489625
chr15,92065968,92066068
chr6,41769276,41769376
chr13,76248669,76248769
chr2,75114142,75114242
chr10,71209696,71209796
chr4,178270484,178270584
chr5,66445934,66446034
chr2,178119311,178119411
chr15,41184186,41184286
chr1,201118648,201118748
chr1,176715274,176715374
chr11,37470858,37470958
chr7,27973959,27974059
chr11,34891179,34891279
chr12,75197189,75197289
chr3,173450950,173451050
chr3,49966811,49966911
chr11,76224316,76224416
chr8,544984,545084
chr6,149410801,149410901
chr6,43463245,43463345
chr9,76531040,76531140
chr16,11348783,11348883
chr2,11213541,11213641
chr11,55482925,55483025
chr3,164972700,164972800
chr17,17473719,17473819
chr1,67395717,67395817
chr18,37739533,37739633
chr18,74781133,74781233
chr11,66089915,66090015
chr11,33992708,33992808
chr14,78173913,78174013
chr2,239276393,239276493
chrY,15815521,15815621
chr1,90418908,90419008
chr7,93251447,93251547
chr5,31929482,31929582
chr19,23469459,23469559
chr12,6022249,6022349
chr17,43309232,43309332
chr5,132202073,132202173
chr11,13508790,13508890
chr10,86503413,86503513
chr1,6532610,6532710
chr8,94648229,94648329
chr19,50316373,50316473
chr2,11295634,11295734
chr10,85836437,85836537
chr17,59652361,59652461
chr6,69110438,69110538
chr10,18872612,18872712
chr2,155309565,155309665
chr2,119976470,119976570
chr6,5057470,5057570
chr8,103646564,103646664
chr1,233059833,233059933
chr11,66258929,66259029
chr5,111865400,111865500
chr6,30882014,30882114
chr3,186232210,186232310
chr11,46563679,46563779
chr14,94010288,94010388
chr14,22733356,22733456
chr11,112668760,112668860
chr2,224904327,224904427
chr14,45603903,45604003
chr1,213094389,213094489
chr8,145082002,145082102
chr8,75235369,75235469
chr12,30848404,30848504
chr11,118393647,118393747
chr12,123953490,123953590
chr20,35121597,35121697
chr5,126898049,126898149
chr10,91053327,91053427
chr14,56714338,56714438
chr10,57023826,57023926
chr13,43458099,43458199
chr11,36328571,36328671
chr14,39087885,39087985
chr1,47799937,47800037
chr3,172047020,172047120
chr22,30850264,30850364
chr2,30370764,30370864
chr17,15059539,15059639
chr6,85438455,85438555
chr2,20643112,20643212
chr6,16761896,16761996
chr12,41658218,41658318
chr1,226756316,226756416
chr7,112186912,112187012
chr17,17217057,17217157
chr5,70993896,70993996
chr10,86093870,86093970
chr19,11669727,11669827
chr21,36975840,36975940
chr5,148067156,148067256
chr3,148668731,148668831
chr9,33604452,33604552
chrX,30653888,30653988
chr5,176884685,176884785
chr16,74138069,74138169
chr17,40684007,40684107
chr10,104802829,104802929
chr14,105673774,105673874
chr9,134056845,134056945
chr19,36681486,36681586
chrX,49034061,49034161
chr5,176449782,176449882
chr12,3114013,3114113
chr1,182687632,182687732
chr13,81635498,81635598
chrX,135014185,135014285
chr6,158808242,158808342
chr2,59099041,59099141
chrX,45703115,45703215
chr15,76622792,76622892
chr2,235100561,235100661
chr22,25568310,25568410
chr21,34060412,34060512
chr7,2774869,2774969
chr7,48464494,48464594
chr17,45908393,45908493
chr20,33865431,33865531
chr7,80021724,80021824
chr6,3056374,3056474
chr6,110839561,110839661
chr2,1891867,1891967
chr1,116676950,116677050
chr17,56385792,56385892
chr4,3749375,3749475
chr4,106062191,106062291
chr6,159961361,159961461
chr7,134374876,134374976
chr4,144452676,144452776
chr4,140223293,140223393
chr11,66056449,66056549
chr22,24819769,24819869
chr20,8000345,8000445
chr14,56640319,56640419
chr2,20622808,20622908
chr5,33470778,33470878
chr7,136854061,136854161
chr4,181072103,181072203
chr8,86211516,86211616
chr6,20946455,20946555
chr4,44740775,44740875
chr2,10444319,10444419
chrY,14705575,14705675
chr6,56628978,56629078
chr12,128195832,128195932
chr11,93437557,93437657
chr21,22343788,22343888
chr6,166586986,166587086
chr1,166403069,166403169
chr7,115803148,115803248
chr12,49370370,49370470
chr12,45941760,45941860
chrX,71517959,71518059
chr11,612233,612333
chr3,50664080,50664180
chr9,123374645,123374745
chr22,16921897,16921997
chr6,148747,148847
chr6,73995558,73995658
chrX,21857503,21857603
chr2,207939301,207939401
chr1,230108861,230108961
chr4,13433059,13433159
chr5,132050553,132050653
chr3,128045075,128045175
chr2,10281466,10281566
chr15,30033075,30033175
chr14,77277443,77277543
chrX,5835138,5835238
chr2,42564762,42564862
chr6,33111043,33111143
chr1,209921089,209921189
chr5,132655963,132656063
chr9,127602051,127602151
chr3,99562226,99562326
chr6,130469465,130469565
chr2,210442259,210442359
chr6,33245000,33245100
chr17,64447761,64447861
chr22,45945040,45945140
chr10,120844935,120845035
chr16,1392748,1392848
chr3,13536026,13536126
chr15,99925358,99925458
chr18,30474032,30474132
chr17,54577304,54577404
chr17,8643951,8644051
chr13,106387738,106387838
chr12,27933699,27933799
chr19,3302902,3303002
chr1,172552186,172552286
chr2,101868751,101868851
chr1,211431769,211431869
chr4,144509002,144509102
chr1,145585474,145585574
chr1,30170952,30171052
chr19,45972744,45972844
chrX,65091815,65091915
chr2,195732243,195732343
chr6,158319355,158319455
chr11,102176931,102177031
chr5,35939922,35940022
chr5,140165630,140165730
chr19,50006467,50006567
chr15,45927694,45927794
chr21,28206601,28206701
chr3,153688711,153688811
chr12,52646003,52646103
chr2,129991783,129991883
chr12,104850365,104850465
chr5,100033808,100033908
chr8,48105783,48105883
chr12,124229527,124229627
chr15,54009259,54009359
chr10,104813778,104813878
chr2,215825567,215825667
chr3,195932293,195932393
chr7,24934605,24934705
chr22,23221667,23221767
chr9,95056142,95056242
chrX,77379946,77380046
chr18,22458377,22458477
chr8,61385936,61386036
chr10,66493895,66493995
chr18,46777360,46777460
chr20,33150563,33150663
chr4,177198845,177198945
chr1,102162812,102162912
chr15,76935142,76935242
chr11,22561674,22561774
chr9,4297414,4297514
chr19,51041107,51041207
chr11,116384749,116384849
chr11,115740623,115740723
chr3,131987953,131988053
chr8,130214902,130215002
chr8,30965063,30965163
chr16,3930070,3930170
chr10,25315556,25315656
chrY,14921140,14921240
chr18,62076912,62077012
chr14,81394098,81394198
chr1,117368678,117368778
chr3,127609986,127610086
chr1,146987316,146987416
chr14,64319555,64319655
chr10,14242794,14242894
chrX,22099717,22099817
chr13,63622928,63623028
chr5,55216752,55216852
chr2,25144181,25144281
chr2,71187740,71187840
chr4,154497463,154497563
chrX,86838797,86838897
chr1,51807726,51807826
chr1,192515530,192515630
chr3,36833944,36834044
chr2,67442521,67442621
chr9,95217700,95217800
chr5,1349556,1349656
chr21,36880763,36880863
chr2,233095446,233095546
chr4,4482434,4482534
chr5,53170421,53170521
chr1,57045373,57045473
chr22,24199906,24200006
chr20,412208,412308
chr14,106780330,106780430
chr11,20894762,20894862
chr4,140006450,140006550
chr15,94848407,94848507
chr19,30897573,30897673
chr21,47257258,47257358
chr17,46212609,46212709
chr2,28030483,28030583
chrX,100872324,100872424
chr1,153165356,153165456
chr17,31848965,31849065
chr20,35871839,35871939
chr3,5772932,5773032
chr4,1261909,1262009
chr6,121722083,121722183
chr6,130215005,130215105
chr2,3584474,3584574
chr5,149501877,149501977
chr8,87524129,87524229
chr20,54824545,54824645
chr14,100196394,100196494
chr5,34915648,34915748
chr16,57770601,57770701
chr6,157744747,157744847
chr14,55897003,55897103
chr18,21603536,21603636
chr16,86053134,86053234
chr21,15492563,15492663
chr12,22823871,22823971
chr7,90338210,90338310
chrX,79903688,79903788
chr13,73991324,73991424
chr2,217611150,217611250
chr4,4526209,4526309
chr14,36432533,36432633
chr17,40555344,40555444
chr2,119297031,119297131
chr11,44970735,44970835
chr4,68424311,68424411
chr22,24666758,24666858
chr8,118248219,118248319
chr2,161188907,161189007
chr3,31251744,31251844
chr20,36919887,36919987
chr22,22725429,22725529
chr18,55989451,55989551
chr7,2108469,2108569
chr17,48194674,48194774
chr16,30053376,30053476
chr7,100054343,100054443
chr17,27912104,27912204
chr16,25119455,25119555
chr1,197361128,197361228
chr3,47891618,47891718
chr4,167423133,167423233
chr22,36023322,36023422
chr2,165773969,165774069
chr12,27577682,27577782
chr4,123523838,123523938
chr17,29339886,29339986
chr3,152257344,152257444
chr2,160534367,160534467
chr17,41324319,41324419
chr8,144313762,144313862
chr18,32621701,32621801
chr4,101856360,101856460
chr15,81148891,81148991
chr1,193224061,193224161
chr20,58319251,58319351
chr19,15813509,15813609
chr1,84322989,84323089
chr9,111696286,111696386
chr18,8507517,8507617
chr16,68398731,68398831
chr7,66309624,66309724
chr6,77392678,77392778
chr17,7216704,7216804
chr9,104150217,104150317
chr3,126373585,126373685
chr6,106960294,106960394
chr7,142606833,142606933
chr1,53132154,53132254
chr5,173352624,173352724
chr17,46306220,46306320
chr12,19796725,19796825
chr17,63023523,63023623
chr16,2033892,2033992
chr10,114216467,114216567
chr11,3830486,3830586
chr3,50611791,50611891
chr1,6454121,6454221
chr2,141344092,141344192
chr1,94311868,94311968
chr7,35095504,35095604
chr9,137341088,137341188
chr12,132918983,132919083
chr19,45647101,45647201
chr8,37824752,37824852
chr10,95576063,95576163
chr15,101810221,101810321
chr3,45706144,45706244
chr5,170601659,170601759
chr12,122519832,122519932
chr2,106020417,106020517
chr7,84650575,84650675
chr20,25039972,25040072
chr2,223558730,223558830
chr17,43797264,43797364
chr7,79435790,79435890
chr3,42271463,42271563
chr6,143144206,143144306
chr2,175351381,175351481
chr8,114390994,114391094
chr16,50299240,50299340
chr9,34011117,34011217
chr17,16892700,16892800
chr5,3838968,3839068
chr4,140626358,140626458
chr6,73232631,73232731
chr12,3317131,3317231
chr22,47223053,47223153
chr5,2901754,2901854
chr1,118289418,118289518
chr1,111745541,111745641
chr9,123837861,123837961
chrX,65330100,65330200
chr1,158323597,158323697
chr2,149897130,149897230
chr4,164676385,164676485
chrX,144295144,144295244
chr12,2692337,2692437
chr12,48031128,48031228
chr8,26231774,26231874
chr5,169512588,169512688
chr10,7861218,7861318
chrX,110235955,110236055
chr1,38440836,38440936
chr4,155700683,155700783
chr2,133206515,133206615
chr8,64086409,64086509
chr9,3331955,3332055
chr3,156192984,156193084
chr1,35012749,35012849
chr1,160464525,160464625
chr3,52266926,52267026
chr17,14591591,14591691
chr7,23502614,23502714
chr3,46436705,46436805
chr12,64786183,64786283
chr15,59793887,59793987
chr10,69066463,69066563
chrX,70775130,70775230
chr7,102119363,102119463
chr1,92351531,92351631
chrX,149935160,149935260
chr11,105073285,105073385
chr2,175003036,175003136
chr17,55481574,55481674
chr3,56950415,56950515
chr1,51524590,51524690
chr10,69983467,69983567
chr15,91260611,91260711
chr4,187394131,187394231
chr1,203410140,203410240
chr12,121499783,121499883
chr2,28177820,28177920
chr15,61913418,61913518
chr4,139476899,139476999
chr4,112552936,112553036
chr21,47035315,47035415
chr17,48503000,48503100
chr2,31085045,31085145
chr7,66119165,66119265
chr10,54538647,54538747
chr15,45490614,45490714
chr20,20111195,20111295
chr10,22392738,22392838
chr2,127808077,127808177
chr16,11077152,11077252
chr5,101881075,101881175
chr15,101173278,101173378
chr3,133297608,133297708
chr3,128839523,128839623
chr17,70657333,70657433
chr3,58285985,58286085
chr2,183628176,183628276
chr14,105948407,105948507
chr14,67585083,67585183
chr8,144876883,144876983
chr2,113191235,113191335
chrX,24533700,24533800
chrX,45661087,45661187
chr3,169796420,169796520
chr17,72529347,72529447
chr5,180226339,180226439
chr16,66549832,66549932
chr16,82665695,82665795
chr1,40563063,40563163
chr22,18553952,18554052
chr11,117016221,117016321
chr5,100381593,100381693
chr2,182966140,182966240
chr4,190901556,190901656
chr20,24974403,24974503
chr2,37515243,37515343
chr21,29709777,29709877
chr4,15779565,15779665
chr11,27716669,27716769
chr10,120494126,120494226
chr11,101733318,101733418
chr2,85085428,85085528
chr20,49410234,49410334
chr20,57439586,57439686
chr2,206869092,206869192
chr17,45578083,45578183
chr3,84185741,84185841
chr2,55844960,55845060
chr21,40685812,40685912
chr8,123459824,123459924
chr9,124208399,124208499
chr13,60051259,60051359
chr6,131438059,131438159
chr13,25841949,25842049
chr11,268874,268974
chrX,120134552,120134652
chr1,160662404,160662504
chr7,142146090,142146190
chr5,102006080,102006180
chr5,36690553,36690653
chrX,63150196,63150296
chr3,47841392,47841492
chr11,65192820,65192920
chr8,20237272,20237372
chr6,159421232,159421332
chr18,22932467,22932567
chr9,138779552,138779652
chr4,119662155,119662255
chr12,22172006,22172106
chr9,136025008,136025108
chr10,8488627,8488727
chr19,51108044,51108144
chr1,1235544,1235644
chr1,180472026,180472126
chr11,57407309,57407409
chr6,90984622,90984722
chr16,85668851,85668951
chr4,96614849,96614949
chr3,149470429,149470529
chr1,85007540,85007640
chr1,47898182,47898282
chr5,158713554,158713654
chr12,56099748,56099848
chr8,126970130,126970230
chr22,20938035,20938135
chr1,240772170,240772270
chr17,7537776,7537876
chr2,236711843,236711943
chr4,118954413,118954513
chr2,44518961,44519061
chr2,108799129,108799229
chr1,116184921,116185021
chr1,181973511,181973611
chr7,52235943,52236043
chr14,49931798,49931898
chr2,96830543,96830643
chr12,58026996,58027096
chr16,68391530,68391630
chr8,116286440,116286540
chr12,105352561,105352661
chr6,160462686,160462786
chr13,95808605,95808705
chr18,49874740,49874840
chr15,90630712,90630812
chr17,38195236,38195336
chr10,124270371,124270471
chrX,40737241,40737341
chr2,197296825,197296925
chr19,14332360,14332460
chr5,159392706,159392806
chr8,80964862,80964962
chr12,65090297,65090397
chr2,235964710,235964810
chr1,227100424,227100524
chr16,10275575,10275675
chr8,125562018,125562118
chr17,19648325,19648425
chr2,99775188,99775288
chr12,48232498,48232598
chr19,23619276,23619376
chr13,113778251,113778351
chr7,68868294,68868394
chr1,26231555,26231655
chr20,58840626,58840726
chr1,202152877,202152977
chr11,104022271,104022371
chr6,74362959,74363059
chr13,45451216,45451316
chr3,131975963,131976063
chr17,42811271,42811371
chr19,45414577,45414677
chr8,81695955,81696055
chr15,96370201,96370301
chr10,126076147,126076247
chr20,43325105,43325205
chr11,114051336,114051436
chr12,12510049,12510149
chrX,74258887,74258987
chr1,8611243,8611343
chr12,130399322,130399422
chr4,143906503,143906603
chr19,3798282,3798382
chr2,240658349,240658449
chr3,154401937,154402037
chr1,154763871,154763971
chr1,147553614,147553714
chr10,47151377,47151477
chr9,140916898,140916998
chr20,48599096,48599196
chr20,59687653,59687753
chr2,168407100,168407200
chr5,138529780,138529880
chr2,43331994,43332094
chr1,111020412,111020512
chr15,72095160,72095260
chr10,121081836,121081936
chr17,74121339,74121439
chr18,43268877,43268977
chrX,77770376,77770476
chr17,10935252,10935352
chr6,157548963,157549063
chr4,124581086,124581186
chr9,134242335,134242435
chr22,18374676,18374776
chr8,76395746,76395846
chr9,116352360,116352460
chr2,70914052,70914152
chr18,74635576,74635676
chr3,142576011,142576111
chr5,131515964,131516064
chr16,2590208,2590308
chr6,18156289,18156389
chr3,197282688,197282788
chr1,193028496,193028596
chrX,89126769,89126869
chr16,368752,368852
chr11,61313015,61313115
chr1,225082807,225082907
chr20,35459480,35459580
chr21,30536790,30536890
chr17,75437469,75437569
chr16,58161692,58161792
chr6,123638021,123638121
chrX,111975165,111975265
chr19,36547212,36547312
chr6,31010648,31010748
chr5,173160579,173160679
chr9,20611815,20611915
chr18,55578158,55578258
chr10,107949174,107949274
chr2,64555205,64555305
chr13,29329559,29329659
chr11,120783341,120783441
chr7,111496050,111496150
chr1,6505308,6505408
chr13,52917573,52917673
chrX,48433326,48433426
chr2,191142107,191142207
chr1,237836178,237836278
chr1,154118641,154118741
chr10,82615267,82615367
chr14,67955512,67955612
chr7,150942590,150942690
chr3,943966,944066
chr13,105817919,105818019
chr8,85966810,85966910
chr7,149296134,149296234
chr2,237994313,237994413
chr3,62819310,62819410
chr4,28688392,28688492
chr10,44280831,44280931
chr8,103045109,103045209
chr9,123884091,123884191
chr1,228192079,228192179
chr6,125191874,125191974
chr20,47493983,47494083
chr19,35329269,35329369
chr6,139013451,139013551
chr21,37025284,37025384
chr19,43934334,43934434
chr9,34701388,34701488
chr2,75543251,75543351
chr10,119078616,119078716
chr1,39429962,39430062
chr7,100878446,100878546
chr2,238877248,238877348
chr12,95269518,95269618
chr19,2661723,2661823
chr2,100232068,100232168
chr8,74669664,74669764
chr20,749500,749600
chr9,110009296,110009396
chr6,128222156,128222256
chr19,4941359,4941459
chr19,31155813,31155913
chr13,34651422,34651522
chr15,50344175,50344275
chr2,114165436,114165536
chr16,11043291,11043391
chr21,29894456,29894556
chr7,143724330,143724430
chr14,56826082,56826182
chr1,192702040,192702140
chr1,207739016,207739116
chr10,112563720,112563820
chr3,101100840,101100940
chr6,39127579,39127679
chr2,165770292,165770392
chr12,6476974,6477074
chr14,97477236,97477336
chr17,72919726,72919826
chr12,120906998,120907098
chr4,38186125,38186225
chr8,8056596,8056696
chr21,32143511,32143611
chr11,67169392,67169492
chr18,75833410,75833510
chr7,93251846,93251946
chr1,42245175,42245275
chr17,69760792,69760892
chr2,41724232,41724332
chr5,81403244,81403344
chr1,86350453,86350553
chr12,13139085,13139185
chr22,41122700,41122800
chr4,5401690,5401790
chr17,4458799,4458899
chr3,111111779,111111879
chr6,76272895,76272995
chr7,23397364,23397464
chr7,33756334,33756434
chr6,41060319,41060419
chr2,46828657,46828757
chr1,94795677,94795777
chr4,146075851,146075951
chr4,151882112,151882212
chr9,4741139,4741239
chr7,1223247,1223347
chr5,176981720,176981820
chr11,102785623,102785723
chr16,85478824,85478924
chr5,103748730,103748830
chr2,210072987,210073087
chr11,74322506,74322606
chr1,102119070,102119170
chr22,31892339,31892439
chr7,74493490,74493590
chr6,93354194,93354294
chr3,98331609,98331709
chr20,36966211,36966311
chr8,82193727,82193827
chrX,99909378,99909478
chr13,89632235,89632335
chr2,64880873,64880973
chrX,117670808,117670908
chr19,4066219,4066319
chr16,82705469,82705569
chr3,140641615,140641715
chr16,75096799,75096899
chr2,101834624,101834724
chr19,57275836,57275936
chr9,18208316,18208416
chr3,57568690,57568790
chrY,15548534,15548634
chrX,55037930,55038030
chr4,185570513,185570613
chr5,127211301,127211401
chr1,164061980,164062080
chr2,87456364,87456464
chr1,109419589,109419689
chr12,5183142,5183242
chr16,54319352,54319452
chr14,35731102,35731202
chr5,59874153,59874253
chr11,36732823,36732923
chr13,20161939,20162039
chr12,2024649,2024749
chr4,104125413,104125513
chr15,79048670,79048770
chr3,173711283,173711383
chr8,101031625,101031725
chr2,102918466,102918566
chr18,32609912,32610012
chr19,11456872,11456972
chr17,7900556,7900656
chr18,24384522,24384622
chr18,48113242,48113342
chr12,46767390,46767490
chr15,78469837,78469937
chr5,56706293,56706393
chrX,153234374,153234474
chr3,127309836,127309936
chr14,86633115,86633215
chr20,44591755,44591855
chr18,43021222,43021322
chr19,41304441,41304541
chr3,107872357,107872457
chr18,13614326,13614426
chr8,73422374,73422474
chr1,237721,237821
chr3,109251807,109251907
chr1,243572761,243572861
chr20,8062804,8062904
chrX,5154296,5154396
chr13,27858407,27858507
chr1,33684411,33684511
chr4,10405533,10405633
chr2,36687123,36687223
chr3,117126302,117126402
chr14,68350590,68350690
chr8,109278820,109278920
chr2,25781205,25781305
chr8,12891531,12891631
chr6,33780573,33780673
chr19,50594094,50594194
chr11,65836948,65837048
chr20,25200981,25201081
chr6,40842427,40842527
chr1,189398787,189398887
chr14,20664228,20664328
chr8,81940576,81940676
chr1,194264971,194265071
chr7,106161767,106161867
chr12,69977117,69977217
chr4,109076696,109076796
chr7,100781626,100781726
chr16,67647864,67647964
chrX,6281408,6281508
chrX,54274855,54274955
chr11,117009528,117009628
chr16,13001672,13001772
chr1,243871637,243871737
chr1,161358583,161358683
chr17,36853010,36853110
chr1,116711145,116711245
chr11,132272116,132272216
chr11,63993768,63993868
chr6,118830310,118830410
chr10,90640147,90640247
chr11,65658522,65658622
chr9,111945946,111946046
chr20,23132805,23132905
chr18,3643813,3643913
chr13,31467243,31467343
chr8,21911652,21911752
chr13,25315526,25315626
chr16,58877741,58877841
chr3,187872225,187872325
chr19,34961893,34961993
chr16,30597083,30597183
chr9,94422236,94422336
chr11,68611516,68611616
chr9,85527714,85527814
chr1,1790153,1790253
chr4,53531911,53532011
chr16,33020934,33021034
chr11,65307878,65307978
chr7,38370619,38370719
chr8,63924456,63924556
chr1,187234281,187234381
chr8,80978282,80978382
chr11,396562,396662
chr15,87286673,87286773
chr9,110246556,110246656
chr13,27913581,27913681
chr1,154249392,154249492
chr13,105866045,105866145
chr1,16129989,16130089
chr6,37145108,37145208
chr4,184521483,184521583
chr3,71056108,71056208
chr6,16514695,16514795
chr2,242489246,242489346
chr5,102128580,102128680
chr6,50096292,50096392
chr12,53693663,53693763
chr16,31967701,31967801
chr14,63641501,63641601
chr12,22142905,22143005
chr8,91522319,91522419
chr10,105156418,105156518
chr6,136259906,136260006
chrX,57480572,57480672
chr4,4509810,4509910
chrX,45684126,45684226
chr5,117928745,117928845
chr18,76745094,76745194
chr19,21949949,21950049
chr19,13936338,13936438
chr1,118696984,118697084
chr7,143052683,143052783
chr22,40204223,40204323
chr4,97091482,97091582
chr11,3191855,3191955
chr17,47784721,47784821
chr21,42443487,42443587
chr1,202470509,202470609
chr7,97128643,97128743
chr12,41761927,41762027
chr13,73849466,73849566
chr10,129041934,129042034
chr1,28967425,28967525
chr15,44067773,44067873
chr6,84302668,84302768
chr13,26951295,26951395
chr11,9117156,9117256
chr5,71576682,71576782
chr6,78450259,78450359
chr11,120053677,120053777
chr5,43042637,43042737
chr19,55392861,55392961
chr12,95374489,95374589
chr8,139863779,139863879
chr15,94405235,94405335
chr1,199015921,199016021
chr4,167174100,167174200
chr12,123548225,123548325
chr11,63305351,63305451
chr8,140260402,140260502
chr20,30267017,30267117
chr4,33062711,33062811
chr16,22153215,22153315
chr17,72755084,72755184
chr2,239048371,239048471
chr1,109570591,109570691
chr6,118573720,118573820
chr2,152904688,152904788
chr1,34120006,34120106
chr1,208635163,208635263
chr7,134143325,134143425
chr4,108655420,108655520
chr7,109644018,109644118
chr14,96362207,96362307
chr14,105666545,105666645
chr19,43423780,43423880
chrX,119082447,119082547
chr1,172974445,172974545
chr2,233415377,233415477
chr14,50017698,50017798
chr7,134917607,134917707
chr12,34186980,34187080
chr3,119917321,119917421
chr7,103164902,103165002
chr3,139281104,139281204
chr3,182555795,182555895
chr10,99372359,99372459
chr6,122505825,122505925
chr2,73487570,73487670
chr15,70042244,70042344
chr3,4930972,4931072
chr18,46523722,46523822
chrX,76380897,76380997
chr2,170132731,170132831
chr4,142142612,142142712
chr3,83977705,83977805
chr20,50416831,50416931
chr5,96528412,96528512
chr5,78260861,78260961
chr4,54572723,54572823
chr1,32914053,32914153
chr7,157462824,157462924
chr17,36444378,36444478
chrX,70503283,70503383
chr2,184159904,184160004
chr16,57897617,57897717
chr7,99516698,99516798
chr5,102922988,102923088
chr10,38679749,38679849
chr13,78891308,78891408
chr14,32982922,32983022
chr2,101346865,101346965
chr19,54926452,54926552
chr16,57702014,57702114
chr1,77779346,77779446
chr12,6432517,6432617
chr9,130783168,130783268
chr7,138719903,138720003
chr4,6136434,6136534
chrX,135793453,135793553
chr20,3748690,3748790
chr13,71538435,71538535
chr9,130717798,130717898
chr21,42417722,42417822
chr4,103749577,103749677
chr10,29408461,29408561
chr11,31182148,31182248
chr5,138414193,138414293
chr16,85481023,85481123
chr9,2824719,2824819
chrX,154314883,154314983
chr20,37489099,37489199
chr12,123352272,123352372
chr11,118772309,118772409
chr5,67542805,67542905
chr20,62427631,62427731
chr6,64017878,64017978
chr14,107155054,107155154
chr8,48591616,48591716
chr13,70111731,70111831
chr2,198669923,198670023
chr3,140769980,140770080
chr11,113946757,113946857
chr9,116270436,116270536
chr19,33181021,33181121
chr1,169078587,169078687
chr2,44025559,44025659
chr19,531119,531219
chr21,20880144,20880244
chr12,125405898,125405998
chr2,234308644,234308744
chr3,162118597,162118697
chr6,40989764,40989864
chr7,46816544,46816644
chr12,104647267,104647367
chr15,51675152,51675252
chr6,91284436,91284536
chr1,165655490,165655590
chrX,4468217,4468317
chr18,477742,477842
chr2,108832269,108832369
chr16,26221234,26221334
chr3,96858161,96858261
chr11,66849544,66849644
chr10,115740304,115740404
chr19,8942880,8942980
chrX,119798141,119798241
chr5,71699195,71699295
chr1,47069742,47069842
chr3,133646570,133646670
chr17,63414901,63415001
chr6,131918749,131918849
chr8,100819075,100819175
chr1,26910739,26910839
chr15,101112766,101112866
chr4,84376781,84376881
chr3,49738057,49738157
chr7,76243271,76243371
chr19,19516165,19516265
chr13,99628336,99628436
chr3,181976503,181976603
chr17,62028470,62028570
chr10,12110644,12110744
chr3,159040252,159040352
chr16,8926717,8926817
chr5,138740260,138740360
chr1,157740369,157740469
chr20,3776564,3776664
chr6,120287792,120287892
chr1,171952884,171952984
chr14,104467504,104467604
chr4,154387675,154387775
chr8,123792424,123792524
chr7,140347005,140347105
chr15,94160877,94160977
chr20,35420944,35421044
chr3,45730053,45730153
chr21,24533376,24533476
chr1,153700597,153700697
chr3,52231947,52232047
chr6,41528898,41528998
chr14,51560672,51560772
chr18,6219264,6219364
chr9,71395165,71395265
chr17,72357745,72357845
chr3,9972834,9972934
chr11,32442855,32442955
chr6,128011405,128011505
chrX,69643039,69643139
chrX,93129683,93129783
chr6,28832060,28832160
chr8,143946405,143946505
chr6,91207268,91207368
chr11,63683977,63684077
chrX,153010016,153010116
chr12,15680611,15680711
chr3,72314651,72314751
chr2,6986147,6986247
chrX,25987274,25987374
chrX,144475315,144475415
chr6,40445513,40445613
chr17,28882642,28882742
chr14,35450617,35450717
chr7,115116285,115116385
chr3,188913315,188913415
chr5,126015355,126015455
chr3,135455704,135455804
chr6,111348581,111348681
chr11,62676732,62676832
chr2,27653394,27653494
chr13,108994829,108994929
chr5,96237258,96237358
chr19,19453702,19453802
chr22,43028206,43028306
chr22,39891561,39891661
chr12,94376770,94376870
chr2,160796613,160796713
chr8,124993000,124993100
chr4,78339652,78339752
chr5,106906997,106907097
chrX,149534985,149535085
chr5,1763862,1763962
chr13,49221917,49222017
chr18,64163277,64163377
chr9,38392884,38392984
chr13,27745426,27745526
chr1,64708826,64708926
chr9,135569739,135569839
chr4,96957018,96957118
chr12,119278372,119278472
chr5,138861379,138861479
chr18,52385455,52385555
chr16,2480493,2480593
chr2,220295615,220295715
chr1,56874867,56874967
chr17,72983741,72983841
chr16,87840455,87840555
chr9,79782412,79782512
chr2,30480655,30480755
chr8,113477399,113477499
chr20,3085679,3085779
chr7,1233616,1233716
chr1,976151,976251
chr1,62416203,62416303
chr12,8715064,8715164
chr1,85696452,85696552
chr8,144302680,144302780
chr16,54174494,54174594
chr9,128771514,128771614
chr19,12457883,12457983
chr1,68152085,68152185
chr3,9464982,9465082
chr3,55931797,55931897
chr8,61585155,61585255
chr13,50123533,50123633
chr1,17011583,17011683
chrX,145306114,145306214
chr17,25758060,25758160
chr1,160520369,160520469
chr2,106724925,106725025
chr15,92934974,92935074
chr11,134525354,134525454
chr6,36396844,36396944
chr11,117680158,117680258
chr12,19283030,19283130
chr16,76674006,76674106
chr16,67203743,67203843
chr20,7094621,7094721
chr8,49183651,49183751
chr1,71809858,71809958
chr14,71870568,71870668
chr14,91579984,91580084
chr8,9815471,9815571
chr22,24574565,24574665
chr4,71779795,71779895
chr10,90217608,90217708
chr12,40501491,40501591
chr20,29525137,29525237
chr6,51406846,51406946
chr22,30998234,30998334
chr3,31603456,31603556
chr16,49773455,49773555
chr21,31630265,31630365
chr2,67704114,67704214
chr7,23694260,23694360
chr2,78182264,78182364
chr10,122360558,122360658
chr17,782965,783065
chr17,80056056,80056156
chrX,152952646,152952746
chr5,133891902,133892002
chr14,21074591,21074691
chr2,31609670,31609770
chr7,145545961,145546061
chr9,35814521,35814621
chrX,92677846,92677946
chr2,51937601,51937701
chr10,87870322,87870422
chr2,74229841,74229941
chr4,122865252,122865352
chr1,1728046,1728146
chr5,149555263,149555363
chr10,71720932,71721032
chr3,128735381,128735481
chr7,41750991,41751091
chr3,119759199,119759299
chr5,171437399,171437499
chr3,184002731,184002831
chr9,20271878,20271978
chr14,40201270,40201370
chr17,2119276,2119376
chr6,24389642,24389742
chr1,72748485,72748585
chr20,52029802,52029902
chr15,84703730,84703830
chr13,48169094,48169194
chr6,133102071,133102171
chr11,17493212,17493312
chr17,19372817,19372917
chr22,38068332,38068432
chr4,54467822,54467922
chr21,44598675,44598775
chr16,599697,599797
chr17,2239790,2239890
chr4,113687697,113687797
chr11,67467744,67467844
chr2,152861393,152861493
chr21,40177024,40177124
chr11,18225458,18225558
chr14,81329494,81329594
chr6,119047336,119047436
chr3,123084750,123084850
chr8,114184138,114184238
chr7,80310732,80310832
chr4,112981531,112981631
chr12,122065194,122065294
chr13,73225514,73225614
chr11,17434411,17434511
chr11,42653218,42653318
chr4,135391832,135391932
chr18,74108880,74108980
chr10,4433997,4434097
chr20,1190219,1190319
chr16,75130805,75130905
chr3,75343421,75343521
chr9,98498772,98498872
chr6,40772903,40773003
chrX,23972102,23972202
chr10,72142267,72142367
chr5,150381921,150382021
chr3,122379607,122379707
chr14,56310565,56310665
chr18,8480640,8480740
chr5,60435089,60435189
chr6,117673774,117673874
chr16,13604743,13604843
chrY,15206449,15206549
chr20,31988650,31988750
chr19,1590814,1590914
chrX,19832550,19832650
chr20,22715776,22715876
chr14,97912563,97912663
chr14,27386507,27386607
