chr9,38433078,38433178
chr6,131855448,131855548
chr21,46221099,46221199
chr12,121443249,121443349
chr18,29738111,29738211
chr10,69916292,69916392
chr11,6384448,6384548
chr21,30117512,30117612
chr8,115858954,115859054
chrX,102413107,102413207
chr14,107113636,107113736
chr6,100036554,100036654
chr9,129464865,129464965
chr6,122170817,122170917
chr7,141437923,141438023
chr17,72297426,72297526
chr2,240874042,240874142
chr3,140617297,140617397
chr7,66302102,66302202
chr18,46548320,46548420
chr12,13515312,13515412
chr11,111802630,111802730
chr3,48315234,48315334
chr1,157333473,157333573
chr13,92374707,92374807
chr6,71594241,71594341
chr15,51485023,51485123
chr15,73533353,73533453
chr14,92116382,92116482
chr10,126077963,126078063
chr8,24857582,24857682
chr1,90941329,90941429
chr17,75396783,75396883
chr9,79425402,79425502
chr1,178971958,178972058
chr2,237981131,237981231
chr4,125183527,125183627
chr17,72598275,72598375
chr20,17485589,17485689
chr15,91790962,91791062
chr10,95573378,95573478
chr7,134331584,134331684
chr9,122052204,122052304
chr8,57114890,57114990
chr6,107056090,107056190
chr6,168299535,168299635
chr9,27529801,27529901
chr19,46905593,46905693
chr11,45986555,45986655
chr15,30218174,30218274
chr7,140175689,140175789
chr5,44536889,44536989
chr6,80523729,80523829
chr2,26368102,26368202
chr13,30082386,30082486
chr13,50422237,50422337
chr12,6663372,6663472
chr4,8405043,8405143
chr17,58647247,58647347
chr4,94712880,94712980
chr16,9030450,9030550
chr4,48946824,48946924
chr22,23030253,23030353
chr1,202968528,202968628
chr10,98994315,98994415
chr1,28417828,28417928
chr3,178103277,178103377
chr15,42281825,42281925
chr10,44167210,44167310
chr1,150045168,150045268
chr1,53951257,53951357
chr2,231766977,231767077
chr15,45491181,45491281
chr3,53230073,53230173
chr1,25531493,25531593
chr6,44306387,44306487
chr15,76431967,76432067
chr17,54397048,54397148
chr1,11705895,11705995
chr3,103821277,103821377
chr6,143348339,143348439
chr11,116613644,116613744
chr11,119404701,119404801
chr1,205457356,205457456
chr9,19174400,19174500
chr7,141354402,141354502
chr15,69687083,69687183
chr2,61021554,61021654
chr4,26331947,26332047
chr17,41158691,41158791
chr12,122615679,122615779
chr7,12678604,12678704
chr9,108480875,108480975
chr1,178501567,178501667
chr20,48802893,48802993
chr19,42077129,42077229
chr10,102827747,102827847
chr1,3341403,3341503
chr6,27655346,27655446
chr1,227015911,227016011
chr14,102131974,102132074
chr2,84542085,84542185
chr11,111457173,111457273
chrX,71219088,71219188
chr2,54892665,54892765
chr10,102322887,102322987
chr4,46934105,46934205
chr15,40322577,40322677
chr2,1821427,1821527
chr11,113644782,113644882
chr3,48586320,48586420
chr2,234620215,234620315
chr5,99766120,99766220
chr12,50172074,50172174
chr11,107447342,107447442
chr8,120886773,120886873
chr9,117167969,117168069
chr6,139446120,139446220
chr18,32987974,32988074
chr2,223426696,223426796
chr1,24136310,24136410
chr9,117424502,117424602
chr6,52099142,52099242
chr3,148673398,148673498
chr5,35617841,35617941
chr1,31895736,31895836
chr15,41314832,41314932
chr19,10527322,10527422
chr22,46402326,46402426
chr3,19926999,19927099
chr11,30939581,30939681
chr11,47395588,47395688
chr6,170231865,170231965
chr3,39710048,39710148
chr5,68303753,68303853
chr17,72957801,72957901
chr11,96197118,96197218
chr14,29223559,29223659
chr4,178171363,178171463
chr12,54151074,54151174
chr2,191861184,191861284
chr16,30043694,30043794
chr3,123438106,123438206
chr5,150880437,150880537
chr4,22391031,22391131
chr10,74094670,74094770
chr12,52463375,52463475
chr17,1768888,1768988
chr4,140150739,140150839
chr1,9355182,9355282
chr14,64266444,64266544
chr10,102102235,102102335
chr4,6021534,6021634
chr7,112136052,112136152
chr7,97795612,97795712
chr12,50433127,50433227
chr12,69964736,69964836
chr11,62673559,62673659
chr8,56991807,56991907
chr15,78405678,78405778
chr19,3547546,3547646
chr9,115582327,115582427
chr14,105818718,105818818
chr15,53072821,53072921
chr4,104021077,104021177
chr1,151665674,151665774
chrX,27354772,27354872
chr11,45792887,45792987
chr19,12675011,12675111
chr16,15850551,15850651
chr15,80145987,80146087
chr19,6126473,6126573
chr1,33238741,33238841
chr6,107349265,107349365
chr18,21699095,21699195
chr11,75863345,75863445
chrX,57004761,57004861
chr16,3181910,3182010
chr7,31822150,31822250
chr3,141179088,141179188
chr6,6057817,6057917
chr6,15441640,15441740
chr1,178471015,178471115
chr9,81054503,81054603
chr15,74615059,74615159
chr3,195621627,195621727
chr16,86374437,86374537
chr9,71199480,71199580
chr2,86306060,86306160
chr22,36907134,36907234
chr12,121087143,121087243
chr22,22918914,22919014
chr13,99922015,99922115
chr3,195501949,195502049
chr3,97742223,97742323
chr10,105648184,105648284
chr15,77478977,77479077
chr12,97798469,97798569
chr5,173019204,173019304
chr8,143864023,143864123
chr4,109756083,109756183
chr1,183592490,183592590
chr2,95980969,95981069
chr11,31418923,31419023
chr13,75794002,75794102
chr3,15419916,15420016
chr2,57724784,57724884
chr1,110319579,110319679
chr8,103875380,103875480
chr2,175442818,175442918
chr5,180145871,180145971
chr5,35651393,35651493
chr8,83355892,83355992
chr13,112081512,112081612
chr4,144320646,144320746
chr7,6556092,6556192
chr6,6697247,6697347
chr1,5806000,5806100
chr17,8313695,8313795
chr8,99182345,99182445
chr17,29764415,29764515
chr12,32465162,32465262
chr7,45703002,45703102
chr1,108293148,108293248
chrX,62470253,62470353
chr10,101805930,101806030
chr19,3986298,3986398
chr5,131608557,131608657
chr12,111040147,111040247
chr2,69170757,69170857
chr15,98628415,98628515
chr5,78998867,78998967
chr17,72350321,72350421
chr8,11816527,11816627
chr7,142240540,142240640
chr15,78534579,78534679
chr1,10398260,10398360
chr6,43691683,43691783
chr15,69868426,69868526
chr11,75243551,75243651
chr22,30401369,30401469
chr6,38639781,38639881
chr6,20404922,20405022
chr8,30458401,30458501
chr11,62648819,62648919
chr1,99259960,99260060
chr17,7124330,7124430
chr20,15217578,15217678
chr14,100844314,100844414
chr4,68154834,68154934
chr7,108137700,108137800
chr18,43861268,43861368
chr11,66079366,66079466
chr15,33378824,33378924
chr10,23805577,23805677
chr13,24463635,24463735
chr10,118145868,118145968
chr17,13498212,13498312
chr14,30683824,30683924
chr1,8409194,8409294
chr10,76498771,76498871
chr9,91193568,91193668
chr1,85410732,85410832
chr7,101186218,101186318
chrX,100645845,100645945
chr2,85493692,85493792
chr10,102810130,102810230
chr1,240618645,240618745
chr6,74320331,74320431
chr2,74942258,74942358
chr17,55629789,55629889
chr2,189959161,189959261
chr4,38858466,38858566
chr8,97345497,97345597
chr20,4588018,4588118
chr9,131057729,131057829
chr10,105644591,105644691
chr1,37980354,37980454
chr9,101538282,101538382
chr7,81099478,81099578
chr2,148668669,148668769
chr5,82089783,82089883
chr17,1958251,1958351
chr15,23742948,23743048
chr6,158088344,158088444
chr9,135450571,135450671
chr1,231347205,231347305
chr1,156860052,156860152
chr8,108080996,108081096
chr1,45121343,45121443
chr16,30441567,30441667
chr15,90630162,90630262
chr5,10988141,10988241
chr8,145550412,145550512
chr7,133119171,133119271
chrX,20548567,20548667
chr1,229650574,229650674
chr1,840097,840197
chr15,81693149,81693249
chr7,2234767,2234867
chr9,125215590,125215690
chr2,80163592,80163692
chr14,49928651,49928751
chr8,48114918,48115018
chr8,130253559,130253659
chr7,11383600,11383700
chr6,155054436,155054536
chr3,10825197,10825297
chr1,153940276,153940376
chr3,93953155,93953255
chr3,37896997,37897097
chr11,67113438,67113538
chr11,64845788,64845888
chr11,126586473,126586573
chr2,89203400,89203500
chr5,79387651,79387751
chr15,29268023,29268123
chr5,127549097,127549197
chr12,69684906,69685006
chr7,128503658,128503758
chrX,132879619,132879719
chr5,39547800,39547900
chr19,50550253,50550353
chr7,47305964,47306064
chr1,189828647,189828747
chr3,136751395,136751495
chr3,106925106,106925206
chr19,39888405,39888505
chr8,39185065,39185165
chr11,36531868,36531968
chr21,33950535,33950635
chr9,35658605,35658705
chr5,32076969,32077069
chr17,31237063,31237163
chr11,31261992,31262092
chr2,113448583,113448683
chr6,115069209,115069309
chr2,99953646,99953746
chr19,52741185,52741285
chr11,101785924,101786024
chrX,67416910,67417010
chr4,82388675,82388775
chr2,220386144,220386244
chr1,19567877,19567977
chr16,68562649,68562749
chr15,62127837,62127937
chr19,4730848,4730948
chr4,17449464,17449564
chr7,44837068,44837168
chr2,208937153,208937253
chr10,104661327,104661427
chr9,130180431,130180531
chr15,61487463,61487563
chr8,18769824,18769924
chr22,22307288,22307388
chr2,88991204,88991304
chr19,56764330,56764430
chr17,76704744,76704844
chr14,88271698,88271798
chr10,49718129,49718229
chr5,133625375,133625475
chr5,140998791,140998891
chr3,42581551,42581651
chr3,79570501,79570601
chr22,23297038,23297138
chr5,4512296,4512396
chr3,15149712,15149812
chr6,150328372,150328472
chr7,26707320,26707420
chr10,75639551,75639651
chr2,114148027,114148127
chrX,123522549,123522649
chr6,127837986,127838086
chr12,127593281,127593381
chr13,31618673,31618773
chr1,201451308,201451408
chr3,146359222,146359322
chr16,75267851,75267951
chr6,119056637,119056737
chr3,138136494,138136594
chr9,14616510,14616610
chr7,147962185,147962285
chr13,27504546,27504646
chr1,156597335,156597435
chr11,44948752,44948852
chr12,7798142,7798242
chr17,75084780,75084880
chrX,51163643,51163743
chr10,30823621,30823721
chr6,107435570,107435670
chr5,74632643,74632743
chr1,41788685,41788785
chr6,89692509,89692609
chr11,8121000,8121100
chr8,145575242,145575342
chr17,73775093,73775193
chr19,14897234,14897334
chr3,170679451,170679551
chr6,127587677,127587777
chr3,72900588,72900688
chr5,151940209,151940309
chr15,86408452,86408552
chr11,106788841,106788941
chr17,2256484,2256584
chr10,90789714,90789814
chr8,40851420,40851520
chr15,74924433,74924533
chr14,101367367,101367467
chr2,24047674,24047774
chr8,72887606,72887706
chr2,239693785,239693885
chr10,64926685,64926785
chr9,127209299,127209399
chr12,6149312,6149412
chr14,24740752,24740852
chr2,80115027,80115127
chr17,46956449,46956549
chr19,10582747,10582847
chr17,65356133,65356233
chr15,91768148,91768248
chr17,73823752,73823852
chr1,155035261,155035361
chr10,12028749,12028849
chr6,33129336,33129436
chr8,75083789,75083889
chr2,9282965,9283065
chr11,12352964,12353064
chrX,12912349,12912449
chr2,72973054,72973154
chr3,173302055,173302155
chr17,75052489,75052589
chr17,62733187,62733287
chr7,97601677,97601777
chr8,108792150,108792250
chr17,8126732,8126832
chr4,16027914,16028014
chr19,42195459,42195559
chr22,24917875,24917975
chr17,34074644,34074744
chr14,97572552,97572652
chr22,38361350,38361450
chr16,72133350,72133450
chr9,97365711,97365811
chr1,20901861,20901961
chr18,45282920,45283020
chr14,36348997,36349097
chr17,34131881,34131981
chr2,190888725,190888825
chr14,72178019,72178119
chr16,84655891,84655991
chr3,196411894,196411994
chr1,10213140,10213240
chr1,55410896,55410996
chr14,36352994,36353094
chr4,184319954,184320054
chr3,127263235,127263335
chr17,73749864,73749964
chr11,96076481,96076581
chr11,19575438,19575538
chr3,15309570,15309670
chr19,45981741,45981841
chr1,158005925,158006025
chr1,31654406,31654506
chr19,43100783,43100883
chr10,101006649,101006749
chr11,86002995,86003095
chr7,129650827,129650927
chr19,4139861,4139961
chr17,11839252,11839352
chr10,33619542,33619642
chr17,45693341,45693441
chr10,73329910,73330010
chr4,108679166,108679266
chr12,52387005,52387105
chr14,23287474,23287574
chr19,45690925,45691025
chr1,218512707,218512807
chr14,23410233,23410333
chr5,110614697,110614797
chr21,37632945,37633045
chr2,238330300,238330400
chr4,96077441,96077541
chr1,167370631,167370731
chr17,3817240,3817340
chr15,89787040,89787140
chr15,78423775,78423875
chr6,28654327,28654427
chr12,119288164,119288264
chr9,15104948,15105048
chr2,42080931,42081031
chr15,40636876,40636976
chr1,109942139,109942239
chr6,53593539,53593639
chr1,211526381,211526481
chr11,59961230,59961330
chr3,106543759,106543859
chr2,242820310,242820410
chr20,32657789,32657889
chr22,35979251,35979351
chr10,28721207,28721307
chr6,139690744,139690844
chr17,75243250,75243350
chr19,5794262,5794362
chr4,110748047,110748147
chr14,24379962,24380062
chr17,38459378,38459478
chr17,36833420,36833520
chr16,12549227,12549327
chr8,105524908,105525008
chr22,33056352,33056452
chr12,129266979,129267079
chr1,24868596,24868696
chr1,53744026,53744126
chr1,17988195,17988295
chr17,4965838,4965938
chr12,55247843,55247943
chr15,60209849,60209949
chr16,88882517,88882617
chr1,156115892,156115992
chr8,23550286,23550386
chr1,110186070,110186170
chr12,8261530,8261630
chr10,88448189,88448289
chr7,85183738,85183838
chr22,36576485,36576585
chr19,737905,738005
chr11,33829908,33830008
chr8,19670935,19671035
chr1,202569423,202569523
chr9,88225153,88225253
chr3,117438322,117438422
chr18,60093046,60093146
chr3,122111876,122111976
chr4,40058418,40058518
chr12,120105499,120105599
chr1,112312316,112312416
chr17,5495851,5495951
chr6,90680463,90680563
chr7,131339595,131339695
chr5,157145648,157145748
chr2,36873540,36873640
chr1,165562335,165562435
chr4,174341573,174341673
chr2,25048026,25048126
chr6,131949479,131949579
chr22,49442486,49442586
chr4,2980266,2980366
chr14,93153345,93153445
chr16,67850561,67850661
chr3,161023307,161023407
chr1,48667980,48668080
chr12,49208527,49208627
chr18,2104989,2105089
chr14,79303326,79303426
chr13,27281982,27282082
chr3,14245076,14245176
chr1,161762569,161762669
chr12,63207159,63207259
chr12,119982981,119983081
chr9,131124531,131124631
chr2,110914906,110915006
chr7,142564216,142564316
chr4,154570775,154570875
chr9,5886218,5886318
chr2,127955493,127955593
chr7,24852070,24852170
chr7,70163379,70163479
chr17,35730607,35730707
chr6,11585793,11585893
chr4,15964875,15964975
chr8,143705540,143705640
chr3,18336901,18337001
chr1,156880134,156880234
chr20,58071114,58071214
chr16,537865,537965
chr19,10683170,10683270
chr6,135262124,135262224
chr9,32526587,32526687
chr17,46102539,46102639
chr11,2442078,2442178
chrX,103342955,103343055
chr1,32986135,32986235
chr5,90228057,90228157
chr1,117028015,117028115
chr13,46895908,46896008
chr19,41312920,41313020
chr5,39075038,39075138
chr21,16110410,16110510
chr20,1450834,1450934
chr6,3742740,3742840
chr16,35143455,35143555
chr3,191134926,191135026
chr1,5574731,5574831
chr11,66821442,66821542
chr7,83040451,83040551
chr2,159602282,159602382
chr11,43333379,43333479
chr2,64116086,64116186
chr11,32197896,32197996
chr9,34675199,34675299
chr1,52234798,52234898
chr6,144426164,144426264
chr4,236167,236267
chr1,157465989,157466089
chr14,76448896,76448996
chr10,71867129,71867229
chr15,64445885,64445985
chr3,71561319,71561419
chr7,101151232,101151332
chr14,87121055,87121155
chr1,108330020,108330120
chr1,205626825,205626925
chr5,121437541,121437641
chr14,23590120,23590220
chr3,136824241,136824341
chr12,100948488,100948588
chr8,101950954,101951054
chr1,20539465,20539565
chr6,151645526,151645626
chr19,47232148,47232248
chr3,99527172,99527272
chr3,133103456,133103556
chr2,206812953,206813053
chr2,30313821,30313921
chr17,30580175,30580275
chr17,78873288,78873388
chr17,73285719,73285819
chr3,169531630,169531730
chr11,17782044,17782144
chr1,169515782,169515882
chr9,112006944,112007044
chr1,32403956,32404056
chr11,122086233,122086333
chr11,61284539,61284639
chr17,53902753,53902853
chr19,5480697,5480797
chr13,111875879,111875979
chr6,129573386,129573486
chr19,46513135,46513235
chrX,109693432,109693532
chr3,123047805,123047905
chr5,90795887,90795987
chr12,27588134,27588234
chr20,16784734,16784834
chr17,40730567,40730667
chr10,5426122,5426222
chr17,53434250,53434350
chr1,85190175,85190275
chr1,107739732,107739832
chr1,112257612,112257712
chr9,102028954,102029054
chr16,7563532,7563632
chr18,44061183,44061283
chr11,66246549,66246649
chr5,154325369,154325469
chr3,38697355,38697455
chr9,107625641,107625741
chr4,122647974,122648074
chr15,65693225,65693325
chr17,47485465,47485565
chr12,49390636,49390736
chr11,58910051,58910151
chr8,58909662,58909762
chr19,11671479,11671579
chr18,43245200,43245300
chr6,75284695,75284795
chr11,82997519,82997619
chr1,51658011,51658111
chr14,94085684,94085784
chr13,47338323,47338423
chr10,74088243,74088343
chr1,56167868,56167968
chr1,32800832,32800932
chr17,76356956,76357056
chr8,128746294,128746394
chr7,115898850,115898950
chr1,45037862,45037962
chr8,145288623,145288723
chr7,29146151,29146251
chr1,26137477,26137577
chr12,14869925,14870025
chr2,211900429,211900529
chr2,237085225,237085325
chr20,40326556,40326656
chr19,33061280,33061380
chr15,23894187,23894287
chr17,56277514,56277614
chr17,43313176,43313276
chr6,36989561,36989661
chr14,82176733,82176833
chr12,9483853,9483953
chr1,197584421,197584521
chr19,43389219,43389319
chr7,39781968,39782068
chr11,123278206,123278306
chr11,50017277,50017377
chr8,123651249,123651349
chr9,119622958,119623058
chr6,25556807,25556907
chr11,121065586,121065686
chr11,38813054,38813154
chr2,164917802,164917902
chr6,166849088,166849188
chr19,1781931,1782031
chr15,41624344,41624444
chr17,46208735,46208835
chr10,97777090,97777190
chr2,242254759,242254859
chr11,62078758,62078858
chr3,45553104,45553204
chr5,156858946,156859046
chr12,24881473,24881573
chr1,110596582,110596682
chr6,132236418,132236518
chr11,20376932,20377032
chr6,84224749,84224849
chr17,27077237,27077337
chr19,40030903,40031003
chr5,140892033,140892133
chr9,103085372,103085472
chr5,6781035,6781135
chr16,21652168,21652268
chr22,39220696,39220796
chr7,87799186,87799286
chr3,138048084,138048184
chr20,35548264,35548364
chr20,30539937,30540037
chr2,241000541,241000641
chr12,107525698,107525798
chr2,68067765,68067865
chr12,6665160,6665260
chr10,6709790,6709890
chr14,75762936,75763036
chr1,2479593,2479693
chr10,80955347,80955447
chr11,117097303,117097403
chr14,52246968,52247068
chr12,4216673,4216773
chr17,7892186,7892286
chr9,133582849,133582949
chr2,191917005,191917105
chr3,46491411,46491511
chr3,60064864,60064964
chr6,31160441,31160541
chr3,30083875,30083975
chr8,6807187,6807287
chr6,133874968,133875068
chr3,5178462,5178562
chr6,3991213,3991313
chr2,158050764,158050864
chr1,911565,911665
chr19,1788937,1789037
chr3,32706424,32706524
chr18,56431661,56431761
chr6,97945739,97945839
chrX,53025059,53025159
chr14,22191789,22191889
chr2,118979692,118979792
chr17,77982312,77982412
chr1,227918171,227918271
chr1,225965315,225965415
chr2,27239873,27239973
chr6,27763782,27763882
chr7,155205485,155205585
chr11,112090572,112090672
chr2,101822148,101822248
chr7,117745026,117745126
chr20,42843816,42843916
chr2,7567542,7567642
chr2,105466144,105466244
chr1,226175357,226175457
chr1,16118635,16118735
chr14,24058326,24058426
chr12,52721417,52721517
chr5,159935899,159935999
chr17,48238981,48239081
chr2,71175727,71175827
chr13,111471935,111472035
chr18,59561595,59561695
chr5,130925335,130925435
chr18,10520236,10520336
chr7,137687166,137687266
chr19,5377661,5377761
chr5,173754414,173754514
chr10,78925622,78925722
chr5,140014739,140014839
chr5,80404369,80404469
chr2,32779045,32779145
chr1,26826793,26826893
chr14,21081691,21081791
chr20,25159939,25160039
chr11,71802448,71802548
chr6,56767799,56767899
chr20,37522582,37522682
chr14,96240816,96240916
chr3,147795261,147795361
chr2,103422855,103422955
chr8,105430399,105430499
chr7,38438456,38438556
chr17,79995238,79995338
chr2,46005892,46005992
chr19,45348169,45348269
chr3,30821306,30821406
chr1,34098749,34098849
chr9,6054655,6054755
chr19,42612792,42612892
chr1,101754120,101754220
chr6,33557542,33557642
chr15,95120288,95120388
chr11,65083189,65083289
chr4,144829137,144829237
chr1,16514392,16514492
chr18,44530148,44530248
chr22,31709419,31709519
chr2,172992122,172992222
chr7,104654084,104654184
chrX,136036407,136036507
chr3,45097191,45097291
chr12,119417684,119417784
chr1,39724468,39724568
chr1,48669133,48669233
chr8,19204074,19204174
chr8,27283838,27283938
chr11,17405585,17405685
chr17,65289965,65290065
chr15,78600875,78600975
chr19,12095864,12095964
chr8,140035484,140035584
chr1,64602914,64603014
chr2,134965329,134965429
chr1,2361620,2361720
chr4,140572891,140572991
chr12,65196103,65196203
chr8,79144719,79144819
chr12,56513257,56513357
chr2,50719756,50719856
chr11,103472132,103472232
chr12,118275183,118275283
chr1,21023451,21023551
chr15,65596694,65596794
chr6,41274147,41274247
chrX,7007176,7007276
chr17,10220695,10220795
chr22,41922868,41922968
chr2,162803204,162803304
chr2,208339768,208339868
chr11,120800495,120800595
chr6,86901991,86902091
chr8,135918454,135918554
chr3,103992030,103992130
chr1,234445838,234445938
chr15,73928934,73929034
chr19,11662907,11663007
chr17,79075641,79075741
chr12,71127301,71127401
chr16,11349673,11349773
chr5,6745902,6746002
chr12,16009452,16009552
chr12,45609210,45609310
chr7,31528363,31528463
chr16,16955438,16955538
chr15,101798487,101798587
chr4,83281857,83281957
chr5,7746390,7746490
chr5,131343678,131343778
chr19,10041655,10041755
chr17,75641192,75641292
chr12,49736403,49736503
chr14,45722460,45722560
chr17,39804291,39804391
chr16,87111041,87111141
chr9,132489007,132489107
chr2,176554970,176555070
chr11,94802962,94803062
chr7,117993040,117993140
chr7,140510994,140511094
chr12,62604250,62604350
chr9,139962325,139962425
chr11,88075191,88075291
chr12,52419512,52419612
chr12,56652177,56652277
chr8,103209789,103209889
chr14,104376812,104376912
chr1,171283096,171283196
chr17,1961927,1962027
chr1,87597533,87597633
chr4,1912535,1912635
chr16,49955907,49956007
chr6,138608513,138608613
chr16,11735361,11735461
chr16,21168147,21168247
chr1,150895097,150895197
chr18,3995648,3995748
chr4,186959458,186959558
chr7,71336567,71336667
chr19,47287690,47287790
chr7,142115750,142115850
chr14,61719640,61719740
chr7,148906797,148906897
chr19,42784036,42784136
chr6,117290519,117290619
chr12,51984613,51984713
chr9,136019951,136020051
chr17,10521588,10521688
chr16,18015575,18015675
chr7,130754103,130754203
chr15,99447851,99447951
chr9,19493200,19493300
chr14,65722722,65722822
chr14,72980879,72980979
chr10,63510817,63510917
chr1,24137387,24137487
chr19,42596701,42596801
chr11,12065932,12066032
chr8,70858521,70858621
chr11,2194536,2194636
chr19,18279116,18279216
chr2,97626282,97626382
chr2,213551159,213551259
chr7,41744870,41744970
chr8,6921137,6921237
chr12,111706699,111706799
chr4,22692516,22692616
chr12,28325527,28325627
chrX,15161588,15161688
chr20,30310717,30310817
chr6,32922936,32923036
chr19,42637328,42637428
chr12,62832041,62832141
chr14,65630979,65631079
chr6,42072015,42072115
chr17,65939022,65939122
chr6,165853544,165853644
chr5,170060176,170060276
chr1,168606774,168606874
chr5,143847452,143847552
chr20,10534139,10534239
chr7,45962938,45963038
chr1,220906560,220906660
chr15,59983540,59983640
chr9,81436169,81436269
chrX,134320142,134320242
chr7,134434981,134435081
chr17,38959900,38960000
chr19,1244494,1244594
chr7,105297488,105297588
chr3,119610906,119611006
chr16,62247841,62247941
chr16,412295,412395
chr5,134761947,134762047
chrX,19906753,19906853
chrX,74823818,74823918
chr13,113597147,113597247
chr10,122584445,122584545
chr10,79789579,79789679
chr10,23447431,23447531
chr17,30788861,30788961
chr1,159181469,159181569
chr3,32989327,32989427
chr6,149269178,149269278
chr4,173123780,173123880
chr2,161067318,161067418
chr3,10987490,10987590
chr2,134642436,134642536
chr19,45287738,45287838
chr10,77796240,77796340
chr1,212650611,212650711
chr1,233654180,233654280
chr17,62067905,62068005
chr6,73122029,73122129
chr14,71439249,71439349
chr14,81637066,81637166
chr2,182303140,182303240
chr19,47032918,47033018
chr6,72243677,72243777
chr5,40904933,40905033
chr18,34152352,34152452
chr20,3199259,3199359
chr3,46908347,46908447
chr10,99788083,99788183
chr4,79873153,79873253
chr9,10366307,10366407
chr5,11267508,11267608
chr9,21154103,21154203
chr4,112953035,112953135
chr2,169203254,169203354
chr20,50317421,50317521
chr3,113871395,113871495
chr18,46303567,46303667
chr1,41979188,41979288
chr17,71994911,71995011
chr2,144270770,144270870
chr4,74920453,74920553
chr1,24354708,24354808
chr19,18272220,18272320
chr20,39318799,39318899
chr5,31186921,31187021
chr2,25790435,25790535
chr5,102475149,102475249
chr9,127615456,127615556
chr12,925726,925826
chr15,56081393,56081493
chr5,17132787,17132887
chr3,46410254,46410354
chr6,36734054,36734154
chr15,59249688,59249788
chr12,49974446,49974546
chr2,227850209,227850309
chr15,86048457,86048557
chr14,72490812,72490912
chr19,13358781,13358881
chr4,87817039,87817139
chr15,94707569,94707669
chr6,74448949,74449049
chr11,33851232,33851332
chr2,161920361,161920461
chr2,242642102,242642202
chr12,111834858,111834958
chr5,174891799,174891899
chr9,74886944,74887044
chr20,34790883,34790983
chr19,14583116,14583216
chr8,33497833,33497933
chr4,41695016,41695116
chrX,15516148,15516248
chr12,57151423,57151523
chr6,19852210,19852310
chr1,919658,919758
chr1,221376956,221377056
chr7,129882518,129882618
chr5,141191207,141191307
chr10,78764844,78764944
chr2,134644336,134644436
chr11,74925499,74925599
chr9,103267990,103268090
chr6,39948931,39949031
chr3,149070374,149070474
chr2,173671264,173671364
chr16,83249145,83249245
chr7,149157718,149157818
chr16,19234697,19234797
chr1,246917366,246917466
chr9,85949290,85949390
chr17,2185714,2185814
chrX,149000879,149000979
chr9,27333269,27333369
chr1,160514580,160514680
chr9,108604444,108604544
chr5,96204712,96204812
chr3,127787056,127787156
chr4,25441672,25441772
chr2,60934932,60935032
chr6,44042414,44042514
chr11,119155445,119155545
chr10,129867763,129867863
chr11,17376151,17376251
chr6,80579447,80579547
chr4,15480709,15480809
chr5,150180733,150180833
chr13,103109821,103109921
chrX,8706798,8706898
chr3,181044538,181044638
chr22,50911795,50911895
chr11,12303534,12303634
chr14,29220776,29220876
chr1,62641374,62641474
chr5,96632898,96632998
chr18,43793463,43793563
chr17,46048179,46048279
chr11,65990282,65990382
chr13,30909382,30909482
chr12,94534472,94534572
chrX,27417147,27417247
chr2,232571843,232571943
chr20,46483630,46483730
chr11,65835848,65835948
chr3,127689967,127690067
chr11,62162407,62162507
chr12,69464260,69464360
chr19,50964606,50964706
chr17,6949208,6949308
chr11,78131517,78131617
chr14,69378434,69378534
chr10,91186135,91186235
chr14,107150822,107150922
chr14,50571825,50571925
chr15,35262047,35262147
chr7,28101889,28101989
chr1,204098297,204098397
chr12,27006821,27006921
chr17,34890332,34890432
chr14,103061041,103061141
chr9,139519644,139519744
chr6,40967388,40967488
chr10,72108356,72108456
chr13,31998425,31998525
chr15,98964988,98965088
chr1,201404937,201405037
chr10,4891981,4892081
chr17,76108806,76108906
chr20,38880132,38880232
chr22,29598704,29598804
chr19,16296708,16296808
chr1,6546646,6546746
chr21,16855655,16855755
chr19,14183046,14183146
chr12,113634863,113634963
chr19,55187862,55187962
chr10,106340683,106340783
chr16,77618284,77618384
chr11,1661449,1661549
chr4,73568052,73568152
chr17,36061545,36061645
chr17,42281158,42281258
chr9,21813103,21813203
chr11,77939555,77939655
chr8,90629423,90629523
chr8,131107094,131107194
chr11,132149212,132149312
chr19,5805981,5806081
chr1,46689289,46689389
chr6,134478033,134478133
chr17,38183408,38183508
chr8,28627268,28627368
chr5,111510821,111510921
chr12,48109207,48109307
chr6,30137943,30138043
chr21,44238491,44238591
chr1,35325472,35325572
chr2,240524595,240524695
chr3,123798333,123798433
chr3,193323828,193323928
chr1,1334908,1335008
chr8,5997612,5997712
chr11,9779760,9779860
chr1,21521807,21521907
chr3,69459637,69459737
chr10,45745639,45745739
chr2,122655269,122655369
chr22,49059293,49059393
chr11,72193421,72193521
chr4,53849893,53849993
chr2,106192923,106193023
chr11,45361703,45361803
chr3,164903657,164903757
chr14,91164072,91164172
chr3,11102509,11102609
chr6,109235579,109235679
chr8,83219919,83220019
chr17,28420665,28420765
chr5,14685919,14686019
chr6,4156259,4156359
chr12,132093697,132093797
chr14,48868023,48868123
chr11,58903526,58903626
chr18,55848124,55848224
chr9,81744919,81745019
chr5,54703027,54703127
chr7,134012806,134012906
chr6,36063091,36063191
chr6,31096041,31096141
chr7,24627615,24627715
chr1,25847090,25847190
chr13,25950040,25950140
chr1,231892656,231892756
chr11,55474660,55474760
chr12,9966895,9966995
chr1,42039893,42039993
chr18,25185325,25185425
chr16,21668643,21668743
chr1,16971224,16971324
chr11,113403578,113403678
chr15,79320843,79320943
chr10,73468117,73468217
chr12,3053915,3054015
chr1,236922678,236922778
chr2,219260772,219260872
chr15,31782384,31782484
chr11,190070,190170
chr5,80595483,80595583
chr3,137690180,137690280
chr5,79642007,79642107
chr1,240190399,240190499
chr9,136036492,136036592
chr14,101129741,101129841
chr2,100859536,100859636
chr1,98933848,98933948
chr19,18699484,18699584
chr17,44920388,44920488
chr17,62103302,62103402
chr2,7177991,7178091
chr6,35310110,35310210
chr4,141782639,141782739
chr19,35843784,35843884
chr11,59570199,59570299
chr13,78384729,78384829
chr8,106785332,106785432
chr2,173575380,173575480
chr5,92943653,92943753
chr8,82503249,82503349
chr2,127825743,127825843
chr6,86192951,86193051
chr8,145181478,145181578
chr17,34136023,34136123
chr7,84652559,84652659
chr11,118798909,118799009
chr6,43576138,43576238
chr2,198667831,198667931
chr11,128729883,128729983
chr17,66432228,66432328
chr8,70576091,70576191
chr13,77477840,77477940
chr16,5006299,5006399
chr1,116138590,116138690
chr17,80111894,80111994
chr5,169611204,169611304
chr11,67150179,67150279
chr19,3719205,3719305
chr6,116857434,116857534
chr13,26611540,26611640
chr10,134201557,134201657
chr6,84594312,84594412
chr22,21239896,21239996
chrX,73075483,73075583
chr17,78997705,78997805
chr21,26980699,26980799
chr19,13708580,13708680
chrX,16463455,16463555
chr15,42942807,42942907
chr7,86941716,86941816
chr17,43312152,43312252
chr5,133863367,133863467
chr7,8476650,8476750
chr5,153354075,153354175
chr2,84304779,84304879
chr2,69137090,69137190
chr10,45353348,45353448
chr11,89938149,89938249
chr4,113684035,113684135
chr5,126011916,126012016
chr10,49816308,49816408
chr20,2832903,2833003
chr12,114418448,114418548
chr6,131504173,131504273
chr20,12905921,12906021
chr19,13204750,13204850
chr3,9109182,9109282
chr13,48807653,48807753
chr12,48161072,48161172
chr15,82232083,82232183
chr13,81591845,81591945
chr4,68612572,68612672
chr10,23277959,23278059
chr10,116546322,116546422
chr11,114211067,114211167
chr12,66377572,66377672
chr12,4386238,4386338
chr20,50745155,50745255
chr22,31286743,31286843
chr2,187121432,187121532
chr13,26148724,26148824
chr19,42210707,42210807
chr2,43456800,43456900
chr5,138677410,138677510
chr4,159174636,159174736
chr17,2578740,2578840
chr10,120327935,120328035
chr10,72663200,72663300
chr17,62773087,62773187
chr19,38893709,38893809
chr4,160868275,160868375
chr1,10002562,10002662
chr19,47270087,47270187
chr19,5226097,5226197
chr3,141173902,141174002
chr2,69792615,69792715
chr11,26318839,26318939
chr5,61739694,61739794
chr22,30085934,30086034
chr5,176882426,176882526
chr16,66988119,66988219
chr17,74176119,74176219
chr2,121444491,121444591
chr20,46012912,46013012
chr5,36729186,36729286
chr11,2909748,2909848
chr11,69703469,69703569
chr17,38136823,38136923
chr13,80917096,80917196
chr14,35141901,35142001
chr1,28306264,28306364
chr2,1136236,1136336
chr16,27983889,27983989
chr11,74959842,74959942
chr13,22053227,22053327
chr19,47714074,47714174
chr1,63212350,63212450
chr15,90762939,90763039
chr12,5193568,5193668
chr11,13204671,13204771
chr19,970771,970871
chr18,33530503,33530603
chr15,82339593,82339693
chr2,241089731,241089831
chr3,45634756,45634856
chr6,83777238,83777338
chr22,24204414,24204514
chr14,104387925,104388025
chr12,22596480,22596580
chr8,9899253,9899353
chr1,86484135,86484235
chr12,124066811,124066911
chr18,33336610,33336710
chr2,72377621,72377721
chr4,76917051,76917151
chr6,34427799,34427899
chr21,43758066,43758166
chr12,54595254,54595354
chrX,24413998,24414098
chr17,10532220,10532320
chr7,148664007,148664107
chr8,139779974,139780074
chr4,111891970,111892070
chr9,36008897,36008997
chr22,50679659,50679759
chr8,49863511,49863611
chr1,186274235,186274335
chr4,107290751,107290851
chr14,38455197,38455297
chr19,18572806,18572906
chr7,99056831,99056931
chr1,47201553,47201653
chr8,71520682,71520782
chr1,223254894,223254994
chr6,106532697,106532797
chrX,19401003,19401103
chrX,117388734,117388834
chr15,41234151,41234251
chr20,15634929,15635029
chr22,44477191,44477291
chr5,157243814,157243914
chr2,25532353,25532453
chr1,2105874,2105974
chr16,82473394,82473494
chr6,138188259,138188359
chr2,160664103,160664203
chr12,56013531,56013631
chr15,58562270,58562370
chr9,86876213,86876313
chr13,103523049,103523149
chr5,56196791,56196891
chr1,32098861,32098961
chr6,74442959,74443059
chr7,2904779,2904879
chr4,87843655,87843755
chr2,96933011,96933111
chr1,206982133,206982233
chr5,145205400,145205500
chr1,154642278,154642378
chr8,138859414,138859514
chr20,11524855,11524955
chr7,49041245,49041345
chr16,31467116,31467216
chr16,25850165,25850265
chr1,153195695,153195795
chr10,120000925,120001025
chr1,6094646,6094746
chr2,241083353,241083453
chr2,33171472,33171572
chr1,226150210,226150310
chrX,137827557,137827657
chr16,67499856,67499956
chr20,33894900,33895000
chr3,108381131,108381231
chr3,183863143,183863243
chr3,71979877,71979977
chr11,7593022,7593122
chr16,30669393,30669493
chr7,100813205,100813305
chr3,101396175,101396275
chr11,111435994,111436094
chrX,30754018,30754118
chr11,84095824,84095924
chr8,407926,408026
chr20,45381389,45381489
chr20,56662464,56662564
chr10,22839791,22839891
chr6,97634413,97634513
chr19,18434141,18434241
chr16,7318252,7318352
chr14,59974180,59974280
chr1,89439340,89439440
chr3,155588363,155588463
chr12,18293028,18293128
chr10,102758968,102759068
chr19,36661763,36661863
chr22,24236279,24236379
chr11,32830902,32831002
chrX,133056012,133056112
chrX,119384599,119384699
chr18,14086733,14086833
chr16,24048139,24048239
chr18,19180950,19181050
chr11,60401797,60401897
chr5,128010707,128010807
chr11,93347729,93347829
chr14,95908968,95909068
chr12,110291022,110291122
chr2,40079139,40079239
chr7,55501007,55501107
chr21,35296427,35296527
chr10,110304408,110304508
chr6,89949144,89949244
chr3,113557537,113557637
chr7,150683281,150683381
chr18,55803177,55803277
chr16,67462152,67462252
chr1,21695132,21695232
chr1,162824149,162824249
chr9,78638998,78639098
chr7,157043454,157043554
chr1,204776449,204776549
chr7,148659925,148660025
chr12,12809009,12809109
chr17,11547740,11547840
chr5,50047036,50047136
chr17,40374283,40374383
chr3,39168183,39168283
chr1,231053089,231053189
chr10,14239031,14239131
chr3,4392620,4392720
chr3,169772160,169772260
chr2,179279550,179279650
chr16,82490361,82490461
chr12,48136123,48136223
chr2,11272841,11272941
chr2,197623760,197623860
chr7,27190537,27190637
chr14,74718371,74718471
chr18,42855611,42855711
chr19,1503570,1503670
chr22,21271462,21271562
chr22,39399266,39399366
chr4,55084115,55084215
chrX,33452762,33452862
chr20,30048428,30048528
chr19,59030983,59031083
chr4,182064539,182064639
chr1,186575011,186575111
chr22,31030519,31030619
chr1,43539449,43539549
chr8,33663379,33663479
chr9,116163732,116163832
chr1,205091452,205091552
chr17,80258782,80258882
chr6,52704485,52704585
chr16,3740559,3740659
chr12,8834778,8834878
chr1,167684819,167684919
chr3,50294596,50294696
chr1,117113026,117113126
chr7,5569314,5569414
chr5,44332642,44332742
chr7,151000664,151000764
chr7,137139099,137139199
chr2,118790094,118790194
chr4,76498975,76499075
chr6,108188314,108188414
chr3,102392471,102392571
chr22,24638883,24638983
chr1,236267053,236267153
chr17,27475995,27476095
chr6,101562614,101562714
chr17,6955485,6955585
chr3,50226887,50226987
chr16,75584285,75584385
chr6,35520219,35520319
chr2,122893801,122893901
chr11,101731620,101731720
chr1,211308846,211308946
chr9,129064411,129064511
chr19,56028341,56028441
chr4,47566531,47566631
chr9,125261198,125261298
chr8,103819849,103819949
chr8,135380050,135380150
chr15,27134582,27134682
chr6,37140093,37140193
chr6,151797192,151797292
chr18,52901986,52902086
chr13,52575404,52575504
chr2,201770539,201770639
chr6,122813194,122813294
chr8,108825768,108825868
chr3,48647131,48647231
chr2,70139250,70139350
chr12,116355142,116355242
chr16,4556511,4556611
chr2,147491778,147491878
chr16,49924911,49925011
chr4,152682327,152682427
chr12,103277103,103277203
chr14,33180413,33180513
chr17,17258347,17258447
chr4,47935986,47936086
chr3,160992637,160992737
chr1,160747394,160747494
chr22,43486328,43486428
chr11,111984296,111984396
chr1,233576711,233576811
chr11,105958698,105958798
chr12,46119635,46119735
chr16,89976846,89976946
chr14,81931012,81931112
chr16,51852379,51852479
chr14,20346358,20346458
chr7,22122637,22122737
chr3,42589072,42589172
chr18,59303170,59303270
chr5,139752592,139752692
chr16,67548411,67548511
chr21,39724697,39724797
chr2,231663678,231663778
chr2,158348850,158348950
chr19,58693396,58693496
chr4,165653152,165653252
chr3,17882867,17882967
chr7,28133402,28133502
chr14,81735888,81735988
chr10,53764251,53764351
chr8,101271243,101271343
chr6,28652144,28652244
chr9,74421863,74421963
chr8,11141952,11142052
chr16,34666602,34666702
chr2,192109889,192109989
chr9,117034191,117034291
chr18,61705167,61705267
chr11,35507409,35507509
chr14,50101009,50101109
chr19,6964107,6964207
chr2,54730488,54730588
chr2,114723355,114723455
chr3,182401508,182401608
chr12,9102649,9102749
chr11,1616801,1616901
chr9,122318457,122318557
chr1,24285476,24285576
chr12,56423642,56423742
chr13,79998311,79998411
chr14,51086412,51086512
chrX,109100291,109100391
chr22,22001136,22001236
chr18,61173430,61173530
chr14,50784863,50784963
chr4,56733298,56733398
chr12,104775724,104775824
chr7,116625015,116625115
chr18,24393129,24393229
chr1,85219364,85219464
chr19,29201380,29201480
chr22,25758242,25758342
chr19,42104073,42104173
chr2,131631421,131631521
chrX,14113907,14114007
chr1,21558585,21558685
chr5,157345092,157345192
chr1,26928976,26929076
chr11,64071916,64072016
chr13,50510451,50510551
chr1,36832161,36832261
chr11,61975621,61975721
chr15,53489675,53489775
chr11,116706864,116706964
chr3,102255487,102255587
chr14,55518247,55518347
chr15,91477654,91477754
chr8,436693,436793
chr14,72887621,72887721
chr8,134221625,134221725
chr11,131381866,131381966
chr8,95825818,95825918
chrX,64254707,64254807
chr5,140566594,140566694
chr11,61406022,61406122
chr5,45038626,45038726
chr16,87358420,87358520
chr17,49841868,49841968
chr1,94215737,94215837
chr2,129226899,129226999
chr1,57269400,57269500
chr6,42515456,42515556
chr2,17852465,17852565
chr5,118603754,118603854
chr22,21336139,21336239
chr22,44341900,44342000
chr18,22067753,22067853
chr1,19980328,19980428
chr3,51536174,51536274
chr16,3550865,3550965
chr21,42655281,42655381
chr10,130658200,130658300
chr7,5603315,5603415
chr10,111896939,111897039
chr1,156695713,156695813
chr19,18117892,18117992
chr17,6376589,6376689
chr12,109870692,109870792
chr22,32785833,32785933
chr20,34787802,34787902
chr7,150715367,150715467
chr14,39484736,39484836
chr8,20042467,20042567
chr11,121462275,121462375
chr3,190142316,190142416
chr3,43585823,43585923
chr7,67642128,67642228
chr17,39705617,39705717
chr10,86134804,86134904
chr15,45329421,45329521
chr2,204680168,204680268
chr17,19350532,19350632
chr11,3362658,3362758
chr1,206982974,206983074
chr9,136351586,136351686
chr13,108974697,108974797
chr9,97443830,97443930
chr4,78161768,78161868
chr11,65341656,65341756
chr11,66839317,66839417
chr1,89202437,89202537
chr10,7798481,7798581
chr2,95745868,95745968
chr14,102173745,102173845
chr12,75784900,75785000
chr1,37486388,37486488
chr3,77304552,77304652
chr7,87872702,87872802
chr10,97361038,97361138
chr1,104003980,104004080
chr16,63395056,63395156
chr12,57463341,57463441
chr7,141676163,141676263
chr4,89594206,89594306
chr14,22788337,22788437
chr2,220374521,220374621
chr17,29885821,29885921
chr8,57160953,57161053
chr1,242618178,242618278
chr17,42072418,42072518
chr17,67522257,67522357
chr5,137078870,137078970
chr19,42439169,42439269
chr15,88817915,88818015
chr2,18331079,18331179
chr13,48612157,48612257
chr18,34965937,34966037
chr8,30015259,30015359
chr16,78471406,78471506
chr16,58790451,58790551
chr4,1550720,1550820
chr1,207672994,207673094
chr1,20820430,20820530
chr4,158913323,158913423
chr19,16487606,16487706
chr4,47670983,47671083
chr4,141559153,141559253
chr12,102217862,102217962
chr3,3221441,3221541
chr19,40372285,40372385
chr9,132552743,132552843
chr1,33342368,33342468
chr7,94876310,94876410
chr7,142508975,142509075
chrX,73602677,73602777
chr2,232770908,232771008
chr8,119427340,119427440
chr6,20127134,20127234
chr7,127154730,127154830
chr15,42376725,42376825
chr8,42269970,42270070
chr7,106842425,106842525
chr16,17650563,17650663
chr5,58187672,58187772
chr15,38646680,38646780
chr19,55979259,55979359
chr9,126112292,126112392
chr3,134359917,134360017
chr3,129312228,129312328
chr20,22228850,22228950
chr3,57029552,57029652
chr20,43312327,43312427
chr19,52996473,52996573
chr2,134986112,134986212
chr2,24307327,24307427
chr2,204937280,204937380
chr16,50101539,50101639
chr16,78036995,78037095
chr1,156675910,156676010
chr15,77411259,77411359
chr7,31483102,31483202
chr2,187727702,187727802
chr17,58114595,58114695
chr14,97319317,97319417
chr5,86696289,86696389
chr3,134211477,134211577
chr5,94186113,94186213
chr5,173000232,173000332
chr5,170031101,170031201
chr8,40057307,40057407
chr19,34532958,34533058
chr3,142706079,142706179
chr3,44574420,44574520
chr10,127557071,127557171
chr3,151901386,151901486
chr6,1596601,1596701
chr1,10270351,10270451
chr1,29572421,29572521
chr1,163041711,163041811
chr17,60143451,60143551
chr18,77288908,77289008
chr7,31776151,31776251
chr2,160824960,160825060
chr2,178589545,178589645
chr7,101245795,101245895
chr12,22837609,22837709
chr1,228353398,228353498
chr14,74225151,74225251
chr9,72037225,72037325
chr9,76180922,76181022
chr1,213168975,213169075
chr2,197141892,197141992
chr11,30164804,30164904
chr4,108951631,108951731
chr1,159041933,159042033
chr15,74340804,74340904
chr15,68545371,68545471
chr15,76527695,76527795
chr6,12289709,12289809
chr3,114936534,114936634
chr14,107238967,107239067
chr7,43739722,43739822
chr5,114405212,114405312
chr14,92378094,92378194
chr22,47199415,47199515
chr11,130304495,130304595
chr17,73649180,73649280
chr12,12890176,12890276
chr3,69210883,69210983
chr19,55652710,55652810
chr6,153345703,153345803
chr12,100628616,100628716
chr3,124480216,124480316
chrX,113845617,113845717
chr19,17214105,17214205
chr3,30361347,30361447
chr8,29580667,29580767
chr16,82263788,82263888
chr4,168998319,168998419
chr6,129919520,129919620
chr7,150595678,150595778
chr5,40798405,40798505
chr14,91369499,91369599
chr15,34880321,34880421
chr20,24083050,24083150
chr8,130599438,130599538
chr14,36539789,36539889
chr7,676233,676333
chr21,43584633,43584733
chr19,57259926,57260026
chr1,155149213,155149313
chr10,71674552,71674652
chr15,60619176,60619276
chr19,14459404,14459504
chr6,112501444,112501544
chr6,138328220,138328320
chr18,57655474,57655574
chr9,86552899,86552999
chr9,95871563,95871663
chr5,172721049,172721149
chr3,104283020,104283120
chr2,223836555,223836655
chr2,160966591,160966691
chr20,24899115,24899215
chr7,22143441,22143541
chr7,24615912,24616012
chr4,52697421,52697521
chr22,38077730,38077830
chr12,123755715,123755815
chr1,181906244,181906344
chr12,6726989,6727089
chrY,7212859,7212959
chr11,69616456,69616556
chr6,117996442,117996542
chr12,1202482,1202582
chr12,94469213,94469313
chr3,48442399,48442499
chr5,139167140,139167240
chr7,26721566,26721666
chr4,55189121,55189221
chr15,93631192,93631292
chr1,228401307,228401407
chr14,68134015,68134115
chr9,92864729,92864829
chr11,34380949,34381049
chr6,84245912,84246012
chr12,111332286,111332386
chr5,112184091,112184191
chr6,2196449,2196549
chr11,66601868,66601968
chr12,24262501,24262601
chr17,4806996,4807096
chr13,74559171,74559271
chr3,79411085,79411185
chr18,61685234,61685334
chr10,45470523,45470623
chr6,36091728,36091828
chr6,74020094,74020194
chr17,76081163,76081263
chr2,128173586,128173686
chr7,154705552,154705652
chr11,13977561,13977661
chr4,15397978,15398078
chr22,18225315,18225415
chr12,86261104,86261204
chr1,203594876,203594976
chr2,163183764,163183864
chr20,33548726,33548826
chr18,48346392,48346492
chr18,25265919,25266019
chr1,40870653,40870753
chr2,173836873,173836973
chr2,210842497,210842597
chr12,6981659,6981759
chr16,48721487,48721587
chr5,7857141,7857241
chr1,115522057,115522157
chr1,197490407,197490507
chr17,46868542,46868642
chr20,32521359,32521459
chr22,38510624,38510724
chr19,982853,982953
chr12,86317653,86317753
chr14,74761113,74761213
chr1,21900705,21900805
chr12,32909274,32909374
chr12,52269168,52269268
chr2,107199152,107199252
chr7,97735998,97736098
chrX,2562740,2562840
chr1,30705312,30705412
chr12,123437010,123437110
chr8,27062673,27062773
chr8,71657876,71657976
chr14,69330052,69330152
chr13,27933495,27933595
chr1,26560948,26561048
chr9,77186014,77186114
chr10,78871785,78871885
chr12,91720356,91720456
chr5,172359537,172359637
chr3,156848546,156848646
chr18,22069008,22069108
chr1,17452370,17452470
chr12,112191096,112191196
chr8,141169836,141169936
chr3,125917211,125917311
chr10,67940648,67940748
chr20,43015280,43015380
chrX,133388128,133388228
chr7,127775823,127775923
chr17,62493551,62493651
chr5,74532689,74532789
chr7,86866330,86866430
chr22,26756522,26756622
chrX,21498148,21498248
chr1,84606986,84607086
chr1,73023239,73023339
chr3,27399286,27399386
chr1,160921321,160921421
chr1,237977737,237977837
chr2,27593204,27593304
chr3,118603644,118603744
chr1,161135555,161135655
chr3,66428788,66428888
chr17,55017396,55017496
chr3,194991576,194991676
chr1,212923310,212923410
chr1,174713254,174713354
chr17,25563849,25563949
chr15,47488317,47488417
chr11,117103192,117103292
chr5,141928449,141928549
chr19,4204739,4204839
chr13,91669744,91669844
chr11,8981261,8981361
chr17,72755825,72755925
chr12,113536277,113536377
chr11,119192440,119192540
chr5,94597182,94597282
chrX,53122427,53122527
chr6,56457855,56457955
chr3,40032214,40032314
chr19,6862912,6863012
chr2,216979493,216979593
chr10,6056257,6056357
chr14,21572757,21572857
chr15,24123235,24123335
chr16,52225585,52225685
chr5,35183448,35183548
chr7,135243355,135243455
chr9,117101490,117101590
chr11,118827409,118827509
chr18,70320358,70320458
chr22,22676487,22676587
chr2,103089506,103089606
chr1,27995743,27995843
chr7,129469985,129470085
chr18,54536537,54536637
chr10,99805671,99805771
chr5,112849241,112849341
chr17,79917642,79917742
chrX,64815413,64815513
chr13,102594518,102594618
chrX,78705861,78705961
chr3,128336594,128336694
chr2,183051000,183051100
chr20,937226,937326
chr5,146041851,146041951
chr10,122702453,122702553
chr7,23719606,23719706
chr18,5879519,5879619
chr14,33029623,33029723
chr1,113250063,113250163
chr20,35515751,35515851
chr11,72560055,72560155
chr4,38063757,38063857
chr17,44272465,44272565
chr14,56889466,56889566
chr8,20233861,20233961
chr2,79446671,79446771
chr16,88503923,88504023
chr11,111293870,111293970
chr5,140699832,140699932
chr5,139015380,139015480
chr14,71088966,71089066
chr3,49044992,49045092
chr5,170700424,170700524
chr4,8470598,8470698
chr18,76746329,76746429
chr7,155608065,155608165
chr18,24598007,24598107
chr20,4066034,4066134
chr7,154719369,154719469
chr2,113384225,113384325
chr17,46962169,46962269
chr1,12374498,12374598
chr16,28338341,28338441
chr3,81468473,81468573
chr11,35259830,35259930
chr11,72296846,72296946
chr1,6483619,6483719
chr17,4890759,4890859
chr8,90996931,90997031
chr6,113627886,113627986
chr17,41176543,41176643
chr17,76967499,76967599
chr4,103541894,103541994
chr7,28962361,28962461
chr14,106465534,106465634
chr11,12910454,12910554
chr14,106855104,106855204
chr3,35701450,35701550
chr14,88655809,88655909
chr22,33445263,33445363
chr10,108384734,108384834
chr17,48275741,48275841
chr7,38255450,38255550
chr3,128964744,128964844
chr18,20510187,20510287
chr3,56591709,56591809
chr6,27720165,27720265
chr6,41703337,41703437
chr1,19147412,19147512
chr16,75505783,75505883
chr10,102321855,102321955
chr17,48703628,48703728
chr7,87046162,87046262
chr3,194992370,194992470
chr3,17454588,17454688
chr5,136996157,136996257
chr19,17814802,17814902
chr1,151168890,151168990
chr7,42980985,42981085
chr6,34577479,34577579
chr2,1542613,1542713
chr18,59169889,59169989
chr18,66290749,66290849
chr1,16068002,16068102
chr22,45605207,45605307
